season,team,player,nation,pos,age,born,90s,SCA_SCA,SCA_SCA90,SCA Types_PassLive,SCA Types_PassDead,SCA Types_TO,SCA Types_Sh,SCA Types_Fld,SCA Types_Def,GCA_GCA,GCA_GCA90,GCA Types_PassLive,GCA Types_PassDead,GCA Types_TO,GCA Types_Sh,GCA Types_Fld,GCA Types_Def
2425,Arsenal,Ben White,ENG,DF,27-038,1997,7.7,8,1.04,8,0,0,0,0,0,1,0.13,1,0,0,0,0,0
2425,Arsenal,Bukayo Saka,ENG,"MF,FW",23-071,2001,9.1,57,6.26,35,10,5,5,2,0,12,1.32,8,2,1,1,0,0
2425,Arsenal,David Raya,ESP,GK,29-061,1995,11.0,1,0.09,0,1,0,0,0,0,0,0.0,0,0,0,0,0,0
2425,Arsenal,Declan Rice,ENG,MF,25-306,1999,9.2,31,3.35,17,10,2,1,1,0,2,0.22,1,1,0,0,0,0
2425,Arsenal,Ethan Nwaneri,ENG,"MF,FW",17-239,2007,0.6,1,1.58,1,0,0,0,0,0,0,0.0,0,0,0,0,0,0
2425,Arsenal,Gabriel Jesus,BRA,"FW,MF",27-226,1997,1.4,5,3.52,2,0,1,2,0,0,1,0.7,0,0,0,1,0,0
2425,Arsenal,Gabriel Magalhães,BRA,DF,26-332,1997,10.6,10,0.94,8,0,0,2,0,0,0,0.0,0,0,0,0,0,0
2425,Arsenal,Gabriel Martinelli,BRA,"MF,FW",23-150,2001,7.6,21,2.77,18,0,2,1,0,0,2,0.26,2,0,0,0,0,0
2425,Arsenal,Jakub Kiwior,POL,DF,24-274,2000,1.1,0,0.0,0,0,0,0,0,0,0,0.0,0,0,0,0,0,0
2425,Arsenal,Jorginho,ITA,MF,32-331,1991,1.7,4,2.32,4,0,0,0,0,0,0,0.0,0,0,0,0,0,0
2425,Arsenal,Jurriën Timber,NED,DF,23-151,2001,7.6,16,2.11,14,0,2,0,0,0,2,0.26,2,0,0,0,0,0
2425,Arsenal,Kai Havertz,GER,FW,25-157,1999,11.0,28,2.55,23,0,1,4,0,0,1,0.09,1,0,0,0,0,0
2425,Arsenal,Leandro Trossard,BEL,FW,29-347,1994,6.4,20,3.1,19,0,0,0,0,1,1,0.15,1,0,0,0,0,0
2425,Arsenal,Martin Ødegaard,NOR,MF,25-334,1998,3.8,14,3.68,13,0,0,1,0,0,2,0.53,2,0,0,0,0,0
2425,Arsenal,Mikel Merino,ESP,"MF,FW",28-146,1996,3.1,9,2.89,7,0,0,1,1,0,0,0.0,0,0,0,0,0,0
2425,Arsenal,Myles Lewis-Skelly,ENG,DF,18-050,2006,0.2,0,0.0,0,0,0,0,0,0,0,0.0,0,0,0,0,0,0
2425,Arsenal,Oleksandr Zinchenko,UKR,"DF,MF",27-336,1996,1.2,3,2.48,3,0,0,0,0,0,1,0.83,1,0,0,0,0,0
2425,Arsenal,Raheem Sterling,ENG,"MF,FW",29-343,1994,1.4,5,3.66,3,0,2,0,0,0,0,0.0,0,0,0,0,0,0
2425,Arsenal,Reiss Nelson,ENG,FW,24-341,1999,0.0,0,0.0,0,0,0,0,0,0,0,0.0,0,0,0,0,0,0
2425,Arsenal,Riccardo Calafiori,ITA,DF,22-180,2002,4.3,5,1.17,4,0,0,1,0,0,0,0.0,0,0,0,0,0,0
2425,Arsenal,Takehiro Tomiyasu,JPN,DF,26-010,1998,0.1,1,12.86,1,0,0,0,0,0,0,0.0,0,0,0,0,0,0
2425,Arsenal,Thomas Partey,GHA,"MF,DF",31-155,1993,10.8,20,1.85,15,2,0,1,1,1,5,0.46,2,2,0,0,1,0
2425,Arsenal,William Saliba,FRA,DF,23-236,2001,9.3,9,0.97,8,0,0,0,0,1,0,0.0,0,0,0,0,0,0
2425,Aston Villa,Amadou Onana,BEL,MF,23-091,2001,7.8,13,1.66,8,1,0,4,0,0,2,0.26,1,0,0,1,0,0
2425,Aston Villa,Boubacar Kamara,FRA,MF,24-358,1999,0.4,0,0.0,0,0,0,0,0,0,0,0.0,0,0,0,0,0,0
2425,Aston Villa,Diego Carlos,BRA,DF,31-245,1993,5.2,2,0.38,1,0,0,1,0,0,0,0.0,0,0,0,0,0,0
2425,Aston Villa,Emi Buendía,ARG,"MF,FW",27-326,1996,0.3,1,3.91,1,0,0,0,0,0,0,0.0,0,0,0,0,0,0
2425,Aston Villa,Emiliano Martínez,ARG,GK,32-074,1992,11.0,2,0.18,2,0,0,0,0,0,0,0.0,0,0,0,0,0,0
2425,Aston Villa,Ezri Konsa,ENG,DF,27-023,1997,9.1,8,0.88,6,0,1,1,0,0,1,0.11,1,0,0,0,0,0
2425,Aston Villa,Ian Maatsen,NED,DF,22-250,2002,1.8,16,8.94,12,2,1,0,0,1,4,2.24,4,0,0,0,0,0
2425,Aston Villa,Jacob Ramsey,ENG,"FW,MF",23-171,2001,7.0,27,3.84,20,0,4,1,2,0,3,0.43,3,0,0,0,0,0
2425,Aston Villa,Jaden Philogene Bidace,ENG,"FW,MF",22-281,2002,2.2,2,0.9,1,0,0,0,1,0,0,0.0,0,0,0,0,0,0
2425,Aston Villa,Jhon Durán,COL,FW,20-338,2003,3.2,6,1.87,3,0,0,0,2,1,0,0.0,0,0,0,0,0,0
2425,Aston Villa,John McGinn,SCO,"FW,MF",30-028,1994,6.1,15,2.44,12,1,0,2,0,0,0,0.0,0,0,0,0,0,0
2425,Aston Villa,Kosta Nedeljković,SRB,DF,18-335,2005,1.1,0,0.0,0,0,0,0,0,0,0,0.0,0,0,0,0,0,0
2425,Aston Villa,Lamare Bogarde,NED,DF,20-315,2004,1.9,6,3.21,4,1,0,0,0,1,0,0.0,0,0,0,0,0,0
2425,Aston Villa,Leon Bailey,JAM,"FW,MF",27-098,1997,5.6,13,2.33,9,1,2,0,1,0,2,0.36,2,0,0,0,0,0
2425,Aston Villa,Lucas Digne,FRA,DF,31-118,1993,9.3,18,1.93,10,6,0,2,0,0,2,0.21,2,0,0,0,0,0
2425,Aston Villa,Matty Cash,POL,DF,27-100,1997,4.7,4,0.85,4,0,0,0,0,0,0,0.0,0,0,0,0,0,0
2425,Aston Villa,Morgan Rogers,ENG,"MF,FW",22-112,2002,10.0,34,3.4,26,0,3,4,1,0,3,0.3,3,0,0,0,0,0
2425,Aston Villa,Ollie Watkins,ENG,FW,28-321,1995,9.3,17,1.82,11,0,1,2,3,0,2,0.21,1,0,0,1,0,0
2425,Aston Villa,Pau Torres,ESP,DF,27-304,1997,11.0,8,0.73,7,0,0,1,0,0,2,0.18,1,0,0,1,0,0
2425,Aston Villa,Ross Barkley,ENG,MF,30-346,1993,3.1,8,2.61,8,0,0,0,0,0,2,0.65,2,0,0,0,0,0
2425,Aston Villa,Youri Tielemans,BEL,MF,27-192,1997,10.8,44,4.07,28,13,0,2,0,1,5,0.46,3,2,0,0,0,0
2425,Bournemouth,Adam Smith,ENG,DF,33-200,1991,6.7,8,1.19,5,1,1,0,0,1,0,0.0,0,0,0,0,0,0
2425,Bournemouth,Alex Scott,ENG,MF,21-086,2003,2.9,11,3.75,8,0,0,0,1,2,0,0.0,0,0,0,0,0,0
2425,Bournemouth,Antoine Semenyo,GHA,FW,24-313,2000,10.7,38,3.54,24,0,5,6,3,0,4,0.37,2,0,1,0,1,0
2425,Bournemouth,Dango Ouattara,BFA,"FW,DF",22-278,2002,4.6,11,2.39,11,0,0,0,0,0,1,0.22,1,0,0,0,0,0
2425,Bournemouth,Daniel Jebbison,ENG,FW,21-094,2003,0.3,2,6.43,2,0,0,0,0,0,0,0.0,0,0,0,0,0,0
2425,Bournemouth,David Brooks,WAL,"MF,FW",27-130,1997,0.5,3,5.63,3,0,0,0,0,0,0,0.0,0,0,0,0,0,0
2425,Bournemouth,Dean Huijsen,ESP,DF,19-215,2005,2.4,5,2.05,4,0,0,1,0,0,0,0.0,0,0,0,0,0,0
2425,Bournemouth,Enes Ünal,TUR,"FW,MF",27-189,1997,1.7,4,2.32,2,0,0,2,0,0,0,0.0,0,0,0,0,0,0
2425,Bournemouth,Evanilson,BRA,FW,25-040,1999,7.9,22,2.8,12,0,2,3,5,0,2,0.25,0,0,1,0,1,0
2425,Bournemouth,Illia Zabarnyi,UKR,DF,22-075,2002,11.0,10,0.91,8,1,0,0,0,1,0,0.0,0,0,0,0,0,0
2425,Bournemouth,Julian Araujo,MEX,DF,23-094,2001,3.9,2,0.51,2,0,0,0,0,0,0,0.0,0,0,0,0,0,0
2425,Bournemouth,Justin Kluivert,NED,"MF,FW",25-194,1999,6.9,23,3.31,22,0,1,0,0,0,5,0.72,5,0,0,0,0,0
2425,Bournemouth,Kepa Arrizabalaga,ESP,GK,30-043,1994,6.0,2,0.33,1,1,0,0,0,0,0,0.0,0,0,0,0,0,0
2425,Bournemouth,Lewis Cook,ENG,MF,27-286,1997,10.9,31,2.84,22,8,0,1,0,0,4,0.37,2,1,0,1,0,0
2425,Bournemouth,Luis Sinisterra,COL,"FW,MF",25-151,1999,2.3,13,5.57,10,0,1,2,0,0,1,0.43,1,0,0,0,0,0
2425,Bournemouth,Marcos Senesi,ARG,DF,27-189,1997,8.6,14,1.63,14,0,0,0,0,0,0,0.0,0,0,0,0,0,0
2425,Bournemouth,Marcus Tavernier,ENG,"MF,FW",25-238,1999,8.9,48,5.38,34,6,3,2,3,0,5,0.56,2,2,0,0,1,0
2425,Bournemouth,Mark Travers,IRL,GK,25-181,1999,3.0,0,0.0,0,0,0,0,0,0,0,0.0,0,0,0,0,0,0
2425,Bournemouth,Milos Kerkez,HUN,DF,21-008,2003,10.3,27,2.62,23,1,1,0,0,2,4,0.39,3,0,1,0,0,0
2425,Bournemouth,Neto,BRA,GK,35-119,1989,2.0,0,0.0,0,0,0,0,0,0,0,0.0,0,0,0,0,0,0
2425,Bournemouth,Philip Billing,DEN,MF,28-157,1996,0.3,1,3.91,1,0,0,0,0,0,0,0.0,0,0,0,0,0,0
2425,Bournemouth,Ryan Christie,SCO,MF,29-267,1995,7.8,24,3.08,19,1,0,2,2,0,0,0.0,0,0,0,0,0,0
2425,Bournemouth,Tyler Adams,USA,MF,25-275,1999,1.1,3,2.67,3,0,0,0,0,0,0,0.0,0,0,0,0,0,0
2425,Brentford,Ben Mee,ENG,"DF,FW",35-055,1989,0.1,0,0.0,0,0,0,0,0,0,0,0.0,0,0,0,0,0,0
2425,Brentford,Bryan Mbeumo,CMR,FW,25-100,1999,10.9,41,3.75,29,7,3,1,1,0,5,0.46,5,0,0,0,0,0
2425,Brentford,Christian Nørgaard,DEN,MF,30-250,1994,8.6,15,1.74,12,0,0,2,1,0,4,0.46,4,0,0,0,0,0
2425,Brentford,Ethan Pinnock,JAM,DF,31-170,1993,11.0,15,1.36,9,4,0,1,1,0,0,0.0,0,0,0,0,0,0
2425,Brentford,Fabio Carvalho,POR,"FW,MF",22-077,2002,3.2,6,1.86,5,0,0,1,0,0,1,0.31,1,0,0,0,0,0
2425,Brentford,Frank Onyeka,NGA,MF,26-319,1998,0.3,0,0.0,0,0,0,0,0,0,0,0.0,0,0,0,0,0,0
2425,Brentford,Keane Lewis-Potter,ENG,"FW,DF",23-267,2001,8.5,18,2.12,14,0,1,0,3,0,4,0.47,3,0,0,0,1,0
2425,Brentford,Kevin Schade,GER,"FW,MF",22-354,2001,5.4,9,1.66,3,0,2,2,2,0,1,0.18,0,0,0,1,0,0
2425,Brentford,Kristoffer Ajer,NOR,DF,26-212,1998,7.1,7,0.99,7,0,0,0,0,0,2,0.28,2,0,0,0,0,0
2425,Brentford,Mads Roerslev,DEN,DF,25-144,1999,5.0,11,2.21,10,0,1,0,0,0,1,0.2,1,0,0,0,0,0
2425,Brentford,Mark Flekken,NED,GK,31-155,1993,11.0,1,0.09,0,1,0,0,0,0,0,0.0,0,0,0,0,0,0
2425,Brentford,Mathias Jensen,DEN,MF,28-319,1996,3.9,15,3.88,11,3,1,0,0,0,3,0.78,1,1,1,0,0,0
2425,Brentford,Mikkel Damsgaard,DEN,"MF,FW",24-135,2000,8.8,33,3.76,24,5,1,0,1,2,8,0.91,5,2,0,0,1,0
2425,Brentford,Nathan Collins,IRL,DF,23-199,2001,11.0,13,1.18,7,2,1,2,1,0,4,0.36,1,1,0,1,1,0
2425,Brentford,Ryan Trevitt,ENG,MF,21-248,2003,0.0,0,0.0,0,0,0,0,0,0,0,0.0,0,0,0,0,0,0
2425,Brentford,Sepp van den Berg,NED,DF,22-331,2001,8.1,6,0.74,6,0,0,0,0,0,0,0.0,0,0,0,0,0,0
2425,Brentford,Vitaly Janelt,GER,MF,26-189,1998,10.0,16,1.59,15,1,0,0,0,0,3,0.3,3,0,0,0,0,0
2425,Brentford,Yehor Yarmoliuk,UKR,MF,20-259,2004,1.6,3,1.89,3,0,0,0,0,0,2,1.26,2,0,0,0,0,0
2425,Brentford,Yoane Wissa,COD,FW,28-073,1996,6.3,15,2.39,12,0,1,0,2,0,3,0.48,3,0,0,0,0,0
2425,Brentford,Yunus Emre Konak,TUR,"MF,FW",18-310,2006,0.2,0,0.0,0,0,0,0,0,0,0,0.0,0,0,0,0,0,0
2425,Brighton,Adam Webster,ENG,DF,29-316,1995,0.9,1,1.14,1,0,0,0,0,0,0,0.0,0,0,0,0,0,0
2425,Brighton,Bart Verbruggen,NED,GK,22-089,2002,9.0,1,0.11,1,0,0,0,0,0,0,0.0,0,0,0,0,0,0
2425,Brighton,Billy Gilmour,SCO,MF,23-157,2001,1.1,3,2.76,3,0,0,0,0,0,0,0.0,0,0,0,0,0,0
2425,Brighton,Brajan Gruda,GER,MF,20-168,2004,0.7,2,2.86,2,0,0,0,0,0,0,0.0,0,0,0,0,0,0
2425,Brighton,Carlos Baleba,CMR,MF,20-317,2004,6.9,19,2.78,16,0,1,1,0,1,1,0.15,0,0,0,0,0,1
2425,Brighton,Danny Welbeck,ENG,FW,33-355,1990,10.3,24,2.33,16,0,3,1,4,0,3,0.29,3,0,0,0,0,0
2425,Brighton,Evan Ferguson,IRL,FW,20-027,2004,1.2,0,0.0,0,0,0,0,0,0,0,0.0,0,0,0,0,0,0
2425,Brighton,Ferdi Kadioglu,TUR,"DF,MF",25-039,1999,4.3,13,3.03,11,0,0,0,1,1,2,0.47,2,0,0,0,0,0
2425,Brighton,Georginio Rutter,FRA,"FW,MF",22-209,2002,6.7,27,4.02,18,0,3,4,2,0,3,0.45,2,0,1,0,0,0
2425,Brighton,Igor,BRA,DF,26-282,1998,5.3,2,0.38,2,0,0,0,0,0,0,0.0,0,0,0,0,0,0
2425,Brighton,Jack Hinshelwood,ENG,"MF,DF",19-218,2005,9.3,20,2.15,14,4,0,1,1,0,2,0.21,2,0,0,0,0,0
2425,Brighton,Jakub Moder,POL,MF,25-222,1999,0.1,1,18.0,1,0,0,0,0,0,0,0.0,0,0,0,0,0,0
2425,Brighton,James Milner,ENG,MF,38-316,1986,1.9,8,4.26,5,2,0,0,1,0,0,0.0,0,0,0,0,0,0
2425,Brighton,Jan Paul van Hecke,NED,DF,24-160,2000,8.1,15,1.85,14,0,0,1,0,0,1,0.12,1,0,0,0,0,0
2425,Brighton,Jason Steele,ENG,GK,34-089,1990,2.0,0,0.0,0,0,0,0,0,0,0,0.0,0,0,0,0,0,0
2425,Brighton,Jeremy Sarmiento,ECU,MF,22-152,2002,0.1,0,0.0,0,0,0,0,0,0,0,0.0,0,0,0,0,0,0
2425,Brighton,João Pedro,BRA,"MF,FW",23-050,2001,3.4,10,2.93,8,0,1,0,1,0,2,0.59,2,0,0,0,0,0
2425,Brighton,Joël Veltman,NED,DF,32-305,1992,9.6,10,1.04,5,1,1,1,2,0,1,0.1,0,1,0,0,0,0
2425,Brighton,Julio Enciso,PAR,"MF,FW",20-297,2004,1.0,9,9.0,4,1,2,0,2,0,0,0.0,0,0,0,0,0,0
2425,Brighton,Kaoru Mitoma,JPN,"FW,MF",27-179,1997,10.2,35,3.44,27,0,2,3,2,1,6,0.59,5,0,0,0,1,0
2425,Brighton,Lewis Dunk,ENG,DF,32-360,1991,7.8,8,1.02,8,0,0,0,0,0,1,0.13,1,0,0,0,0,0
2425,Brighton,Mats Wieffer,NED,MF,24-365,1999,2.6,6,2.27,6,0,0,0,0,0,1,0.38,1,0,0,0,0,0
2425,Brighton,Matt O'Riley,DEN,MF,23-360,2000,0.4,2,5.29,2,0,0,0,0,0,0,0.0,0,0,0,0,0,0
2425,Brighton,Pervis Estupiñán,ECU,DF,26-299,1998,5.8,14,2.41,9,5,0,0,0,0,2,0.34,2,0,0,0,0,0
2425,Brighton,Simon Adingra,CIV,"FW,MF",22-319,2002,2.3,8,3.51,6,0,1,1,0,0,2,0.88,2,0,0,0,0,0
2425,Brighton,Tariq Lamptey,GHA,DF,24-046,2000,0.1,1,8.18,1,0,0,0,0,0,1,8.18,1,0,0,0,0,0
2425,Brighton,Yankuba Minteh,GAM,"FW,MF",20-116,2004,4.5,15,3.33,7,2,4,1,1,0,3,0.67,1,0,1,1,0,0
2425,Brighton,Yasin Ayari,SWE,MF,21-040,2003,5.5,20,3.66,7,5,2,2,3,1,1,0.18,1,0,0,0,0,0
2425,Chelsea,Axel Disasi,FRA,DF,26-249,1998,1.0,0,0.0,0,0,0,0,0,0,0,0.0,0,0,0,0,0,0
2425,Chelsea,Benoît Badiashile,FRA,DF,23-234,2001,0.4,0,0.0,0,0,0,0,0,0,0,0.0,0,0,0,0,0,0
2425,Chelsea,Christopher Nkunku,FRA,FW,27-001,1997,1.8,13,7.18,9,0,3,1,0,0,1,0.55,0,0,1,0,0,0
2425,Chelsea,Cole Palmer,ENG,"MF,FW",22-193,2002,10.6,55,5.19,37,6,6,4,2,0,7,0.66,6,0,1,0,0,0
2425,Chelsea,Enzo Fernández,ARG,MF,23-303,2001,6.8,21,3.09,19,0,0,1,0,1,4,0.59,4,0,0,0,0,0
2425,Chelsea,Jadon Sancho,ENG,FW,24-235,2000,3.4,14,4.13,13,0,0,0,1,0,6,1.77,5,0,0,0,1,0
2425,Chelsea,João Félix,POR,"MF,FW",25-005,1999,1.4,4,2.93,3,0,1,0,0,0,0,0.0,0,0,0,0,0,0
2425,Chelsea,Kiernan Dewsbury-Hall,ENG,MF,26-070,1998,0.5,1,1.91,1,0,0,0,0,0,0,0.0,0,0,0,0,0,0
2425,Chelsea,Levi Colwill,ENG,DF,21-263,2003,11.0,14,1.27,11,2,0,0,0,1,1,0.09,0,0,0,0,0,1
2425,Chelsea,Malo Gusto,FRA,DF,21-180,2003,8.1,12,1.49,12,0,0,0,0,0,1,0.12,1,0,0,0,0,0
2425,Chelsea,Marc Cucurella,ESP,DF,26-116,1998,8.2,11,1.34,10,0,0,1,0,0,0,0.0,0,0,0,0,0,0
2425,Chelsea,Marc Guiu,ESP,FW,18-316,2006,0.3,0,0.0,0,0,0,0,0,0,0,0.0,0,0,0,0,0,0
2425,Chelsea,Moisés Caicedo,ECU,MF,23-013,2001,10.8,27,2.49,26,0,0,0,0,1,4,0.37,4,0,0,0,0,0
2425,Chelsea,Mykhailo Mudryk,UKR,FW,23-315,2001,1.7,6,3.6,4,1,0,0,1,0,0,0.0,0,0,0,0,0,0
2425,Chelsea,Nicolas Jackson,SEN,FW,23-148,2001,9.6,25,2.6,19,0,4,0,2,0,5,0.52,5,0,0,0,0,0
2425,Chelsea,Noni Madueke,ENG,FW,22-250,2002,8.4,24,2.86,15,0,5,2,2,0,3,0.36,1,0,0,1,1,0
2425,Chelsea,Pedro Neto,POR,FW,24-251,2000,6.2,27,4.35,20,1,4,0,2,0,5,0.81,3,0,2,0,0,0
2425,Chelsea,Reece James,ENG,DF,24-343,1999,2.7,3,1.12,3,0,0,0,0,0,0,0.0,0,0,0,0,0,0
2425,Chelsea,Renato Veiga,POR,"DF,MF",21-109,2003,1.9,1,0.53,0,0,0,1,0,0,0,0.0,0,0,0,0,0,0
2425,Chelsea,Robert Sánchez,ESP,GK,26-363,1997,11.0,2,0.18,1,1,0,0,0,0,1,0.09,0,1,0,0,0,0
2425,Chelsea,Roméo Lavia,BEL,MF,20-314,2004,3.7,6,1.6,6,0,0,0,0,0,1,0.27,1,0,0,0,0,0
2425,Chelsea,Tosin Adarabioyo,ENG,DF,27-052,1997,1.9,2,1.05,2,0,0,0,0,0,0,0.0,0,0,0,0,0,0
2425,Chelsea,Wesley Fofana,FRA,DF,23-334,2000,9.6,10,1.04,8,1,1,0,0,0,0,0.0,0,0,0,0,0,0
2425,Crystal Palace,Adam Wharton,ENG,MF,20-166,2004,6.9,26,3.77,20,4,0,1,0,1,1,0.14,1,0,0,0,0,0
2425,Crystal Palace,Asher Agbinone,ENG,MF,19-048,2005,0.1,1,15.0,1,0,0,0,0,0,0,0.0,0,0,0,0,0,0
2425,Crystal Palace,Caleb Kporha,ENG,DF,18-123,2006,0.0,0,0.0,0,0,0,0,0,0,0,0.0,0,0,0,0,0,0
2425,Crystal Palace,Chadi Riad,MAR,DF,21-151,2003,1.0,0,0.0,0,0,0,0,0,0,0,0.0,0,0,0,0,0,0
2425,Crystal Palace,Cheick Doucouré,MLI,MF,24-312,2000,1.5,2,1.35,1,0,0,1,0,0,1,0.68,0,0,0,1,0,0
2425,Crystal Palace,Chris Richards,USA,DF,24-232,2000,3.8,0,0.0,0,0,0,0,0,0,0,0.0,0,0,0,0,0,0
2425,Crystal Palace,Daichi Kamada,JPN,MF,28-102,1996,6.9,23,3.34,18,3,0,1,0,1,1,0.15,0,1,0,0,0,0
2425,Crystal Palace,Daniel Muñoz,COL,"DF,MF",28-173,1996,10.0,25,2.49,18,2,1,4,0,0,2,0.2,1,0,0,1,0,0
2425,Crystal Palace,Dean Henderson,ENG,GK,27-248,1997,11.0,0,0.0,0,0,0,0,0,0,0,0.0,0,0,0,0,0,0
2425,Crystal Palace,Eberechi Eze,ENG,"MF,FW",26-139,1998,9.0,42,4.67,22,8,3,6,3,0,2,0.22,2,0,0,0,0,0
2425,Crystal Palace,Eddie Nketiah,ENG,"MF,FW",25-169,1999,5.4,16,2.94,9,0,3,1,3,0,0,0.0,0,0,0,0,0,0
2425,Crystal Palace,Ismaila Sarr,SEN,"MF,FW",26-264,1998,5.4,23,4.29,15,0,2,2,4,0,2,0.37,0,0,0,0,2,0
2425,Crystal Palace,Jean-Philippe Mateta,FRA,FW,27-140,1997,8.4,14,1.67,10,0,0,3,1,0,0,0.0,0,0,0,0,0,0
2425,Crystal Palace,Jefferson Lerma,COL,"MF,DF",30-021,1994,4.6,7,1.52,6,0,0,1,0,0,0,0.0,0,0,0,0,0,0
2425,Crystal Palace,Jeffrey Schlupp,GHA,"MF,DF",31-328,1992,0.8,5,6.52,4,0,1,0,0,0,0,0.0,0,0,0,0,0,0
2425,Crystal Palace,Joachim Andersen,DEN,DF,28-168,1996,1.0,1,1.0,1,0,0,0,0,0,0,0.0,0,0,0,0,0,0
2425,Crystal Palace,Jordan Ayew,GHA,"FW,MF",33-065,1991,0.2,1,4.29,1,0,0,0,0,0,0,0.0,0,0,0,0,0,0
2425,Crystal Palace,Justin Devenny,NIR,MF,21-035,2003,0.8,4,4.93,3,1,0,0,0,0,0,0.0,0,0,0,0,0,0
2425,Crystal Palace,Marc Guéhi,ENG,DF,24-125,2000,11.0,11,1.0,9,0,0,1,1,0,0,0.0,0,0,0,0,0,0
2425,Crystal Palace,Maxence Lacroix,FRA,DF,24-223,2000,8.0,11,1.37,11,0,0,0,0,0,1,0.12,1,0,0,0,0,0
2425,Crystal Palace,Nathaniel Clyne,ENG,"DF,MF",33-224,1991,3.3,0,0.0,0,0,0,0,0,0,0,0.0,0,0,0,0,0,0
2425,Crystal Palace,Odsonne Édouard,FRA,"MF,FW",26-304,1998,1.3,1,0.78,1,0,0,0,0,0,0,0.0,0,0,0,0,0,0
2425,Crystal Palace,Trevoh Chalobah,ENG,DF,25-133,1999,5.0,4,0.81,4,0,0,0,0,0,0,0.0,0,0,0,0,0,0
2425,Crystal Palace,Tyrick Mitchell,ENG,"DF,MF",25-075,1999,10.4,29,2.78,26,1,0,1,1,0,1,0.1,1,0,0,0,0,0
2425,Crystal Palace,Will Hughes,ENG,MF,29-212,1995,5.1,18,3.54,14,3,0,1,0,0,0,0.0,0,0,0,0,0,0
2425,Everton,Abdoulaye Doucouré,MLI,MF,31-319,1993,7.2,18,2.49,16,0,0,1,0,1,1,0.14,0,0,0,0,0,1
2425,Everton,Ashley Young,ENG,DF,39-129,1985,8.7,23,2.64,18,3,0,0,1,1,5,0.57,4,0,0,0,0,1
2425,Everton,Beto,GNB,FW,26-289,1998,1.1,2,1.76,0,0,1,0,1,0,0,0.0,0,0,0,0,0,0
2425,Everton,Dominic Calvert-Lewin,ENG,FW,27-244,1997,10.0,14,1.4,8,0,2,2,1,1,1,0.1,1,0,0,0,0,0
2425,Everton,Dwight McNeil,ENG,"MF,FW",24-359,1999,9.9,44,4.46,22,15,4,1,1,1,6,0.61,3,1,1,0,0,1
2425,Everton,Harrison Armstrong,ENG,MF,17-301,2007,0.0,0,0.0,0,0,0,0,0,0,0,0.0,0,0,0,0,0,0
2425,Everton,Idrissa Gana Gueye,SEN,MF,35-050,1989,8.2,15,1.84,12,0,0,1,1,1,0,0.0,0,0,0,0,0,0
2425,Everton,Iliman Ndiaye,SEN,FW,24-254,2000,9.0,24,2.68,20,0,1,0,3,0,3,0.34,3,0,0,0,0,0
2425,Everton,Jack Harrison,ENG,FW,27-361,1996,7.0,16,2.3,13,0,0,1,2,0,2,0.29,1,0,0,0,1,0
2425,Everton,Jake O'Brien,IRL,DF,23-184,2001,0.3,1,3.33,1,0,0,0,0,0,0,0.0,0,0,0,0,0,0
2425,Everton,James Garner,ENG,"DF,MF",23-247,2001,2.8,5,1.78,4,1,0,0,0,0,0,0.0,0,0,0,0,0,0
2425,Everton,James Tarkowski,ENG,DF,31-362,1992,11.0,12,1.09,8,1,0,3,0,0,0,0.0,0,0,0,0,0,0
2425,Everton,Jarrad Branthwaite,ENG,DF,22-141,2002,2.1,2,0.96,2,0,0,0,0,0,0,0.0,0,0,0,0,0,0
2425,Everton,Jesper Lindstrøm,DEN,FW,24-260,2000,3.9,18,4.64,9,5,1,2,1,0,0,0.0,0,0,0,0,0,0
2425,Everton,Jordan Pickford,ENG,GK,30-253,1994,11.0,2,0.18,2,0,0,0,0,0,0,0.0,0,0,0,0,0,0
2425,Everton,Mason Holgate,ENG,"FW,DF",28-024,1996,0.1,0,0.0,0,0,0,0,0,0,0,0.0,0,0,0,0,0,0
2425,Everton,Michael Keane,ENG,DF,31-309,1993,9.0,6,0.67,6,0,0,0,0,0,0,0.0,0,0,0,0,0,0
2425,Everton,Orel Mangala,BEL,MF,26-242,1998,5.1,14,2.76,9,1,2,1,1,0,1,0.2,0,0,0,0,1,0
2425,Everton,Roman Dixon,ENG,DF,19-325,2004,1.0,0,0.0,0,0,0,0,0,0,0,0.0,0,0,0,0,0,0
2425,Everton,Séamus Coleman,IRL,DF,36-035,1988,1.0,1,1.0,0,0,1,0,0,0,0,0.0,0,0,0,0,0,0
2425,Everton,Tim Iroegbunam,ENG,MF,21-138,2003,4.3,9,2.11,5,0,1,0,1,2,0,0.0,0,0,0,0,0,0
2425,Everton,Vitaliy Mykolenko,UKR,DF,25-170,1999,8.3,10,1.21,10,0,0,0,0,0,0,0.0,0,0,0,0,0,0
2425,Fulham,Adama Traoré,ESP,"FW,MF",28-295,1996,8.0,37,4.64,29,0,3,3,0,2,3,0.38,3,0,0,0,0,0
2425,Fulham,Alex Iwobi,NGA,FW,28-196,1996,10.5,46,4.39,40,0,2,3,1,0,5,0.48,5,0,0,0,0,0
2425,Fulham,Andreas Pereira,BRA,MF,28-319,1996,9.3,57,6.15,30,23,0,2,2,0,2,0.22,1,0,0,0,1,0
2425,Fulham,Antonee Robinson,USA,DF,27-099,1997,11.0,23,2.09,22,0,1,0,0,0,3,0.27,3,0,0,0,0,0
2425,Fulham,Bernd Leno,GER,GK,32-256,1992,11.0,2,0.18,2,0,0,0,0,0,1,0.09,1,0,0,0,0,0
2425,Fulham,Calvin Bassey,NGA,DF,24-320,1999,11.0,5,0.45,4,1,0,0,0,0,1,0.09,1,0,0,0,0,0
2425,Fulham,Emile Smith Rowe,ENG,MF,24-110,2000,8.8,35,3.96,26,0,1,5,0,3,7,0.79,5,0,1,0,0,1
2425,Fulham,Harrison Reed,ENG,MF,29-293,1995,0.7,1,1.48,0,1,0,0,0,0,0,0.0,0,0,0,0,0,0
2425,Fulham,Harry Wilson,WAL,"FW,MF",27-238,1997,0.9,2,2.25,1,1,0,0,0,0,0,0.0,0,0,0,0,0,0
2425,Fulham,Issa Diop,FRA,DF,27-311,1997,4.4,3,0.69,3,0,0,0,0,0,0,0.0,0,0,0,0,0,0
2425,Fulham,Jay Stansfield,ENG,MF,21-357,2002,0.0,0,0.0,0,0,0,0,0,0,0,0.0,0,0,0,0,0,0
2425,Fulham,Joachim Andersen,DEN,DF,28-168,1996,6.7,6,0.9,3,0,0,3,0,0,0,0.0,0,0,0,0,0,0
2425,Fulham,Jorge Cuenca,ESP,DF,24-364,1999,0.0,0,0.0,0,0,0,0,0,0,0,0.0,0,0,0,0,0,0
2425,Fulham,Kenny Tete,NED,DF,29-037,1995,10.6,18,1.69,11,0,2,3,2,0,1,0.09,1,0,0,0,0,0
2425,Fulham,Raúl Jiménez,MEX,FW,33-194,1991,7.4,15,2.03,12,0,0,2,1,0,3,0.41,3,0,0,0,0,0
2425,Fulham,Reiss Nelson,ENG,FW,24-341,1999,3.2,23,7.24,16,2,2,3,0,0,1,0.31,1,0,0,0,0,0
2425,Fulham,Rodrigo Muniz,BRA,FW,23-195,2001,3.6,6,1.66,4,0,1,0,1,0,0,0.0,0,0,0,0,0,0
2425,Fulham,Sander Berge,NOR,MF,26-275,1998,5.8,11,1.89,9,0,0,0,0,2,1,0.17,1,0,0,0,0,0
2425,Fulham,Saša Lukić,SRB,MF,28-094,1996,6.1,8,1.32,7,0,0,0,0,1,0,0.0,0,0,0,0,0,0
2425,Fulham,Timothy Castagne,BEL,DF,28-346,1995,0.4,1,2.81,0,0,0,1,0,0,0,0.0,0,0,0,0,0,0
2425,Fulham,Tom Cairney,SCO,MF,33-300,1991,1.4,10,7.2,9,1,0,0,0,0,2,1.44,2,0,0,0,0,0
2425,Ipswich Town,Ali Al Hamadi,IRQ,FW,22-259,2002,0.4,1,2.57,1,0,0,0,0,0,0,0.0,0,0,0,0,0,0
2425,Ipswich Town,Arijanet Muric,KVX,GK,26-008,1998,10.0,1,0.1,0,1,0,0,0,0,0,0.0,0,0,0,0,0,0
2425,Ipswich Town,Axel Tuanzebe,COD,DF,27-001,1997,6.7,5,0.75,4,1,0,0,0,0,0,0.0,0,0,0,0,0,0
2425,Ipswich Town,Ben Johnson,ENG,"DF,FW",24-296,2000,4.5,7,1.56,4,1,0,0,2,0,2,0.45,2,0,0,0,0,0
2425,Ipswich Town,Cameron Burgess,AUS,DF,29-025,1995,4.0,2,0.5,2,0,0,0,0,0,1,0.25,1,0,0,0,0,0
2425,Ipswich Town,Chiedozie Ogbene,IRL,FW,27-198,1997,2.6,3,1.13,2,0,0,0,1,0,0,0.0,0,0,0,0,0,0
2425,Ipswich Town,Christian Walton,ENG,GK,29-006,1995,1.0,0,0.0,0,0,0,0,0,0,0,0.0,0,0,0,0,0,0
2425,Ipswich Town,Conor Chaplin,ENG,"MF,FW",27-273,1997,3.1,9,2.89,8,1,0,0,0,0,1,0.32,1,0,0,0,0,0
2425,Ipswich Town,Conor Townsend,ENG,MF,31-256,1993,0.0,0,0.0,0,0,0,0,0,0,0,0.0,0,0,0,0,0,0
2425,Ipswich Town,Dara O'Shea,IRL,DF,25-256,1999,7.7,6,0.78,4,0,0,1,0,1,0,0.0,0,0,0,0,0,0
2425,Ipswich Town,George Edmundson,ENG,DF,27-076,1997,0.0,0,0.0,0,0,0,0,0,0,0,0.0,0,0,0,0,0,0
2425,Ipswich Town,George Hirst,ENG,FW,25-274,1999,2.0,6,3.0,5,0,0,1,0,0,2,1.0,1,0,0,1,0,0
2425,Ipswich Town,Harry Clarke,ENG,DF,23-258,2001,1.1,0,0.0,0,0,0,0,0,0,0,0.0,0,0,0,0,0,0
2425,Ipswich Town,Jack Clarke,ENG,FW,23-358,2000,4.0,11,2.77,10,0,1,0,0,0,1,0.25,1,0,0,0,0,0
2425,Ipswich Town,Jack Taylor,IRL,MF,26-145,1998,1.5,5,3.36,4,0,1,0,0,0,0,0.0,0,0,0,0,0,0
2425,Ipswich Town,Jacob Greaves,ENG,DF,24-064,2000,7.0,0,0.0,0,0,0,0,0,0,0,0.0,0,0,0,0,0,0
2425,Ipswich Town,Jens Cajuste,SWE,MF,25-097,1999,3.0,6,2.01,5,0,1,0,0,0,0,0.0,0,0,0,0,0,0
2425,Ipswich Town,Kalvin Phillips,ENG,MF,28-349,1995,6.0,10,1.68,8,1,0,1,0,0,2,0.34,2,0,0,0,0,0
2425,Ipswich Town,Leif Davis,ENG,DF,24-308,2000,11.0,45,4.09,19,21,3,2,0,0,3,0.27,2,0,1,0,0,0
2425,Ipswich Town,Liam Delap,ENG,FW,21-281,2003,8.6,17,1.97,9,0,2,0,5,1,2,0.23,1,0,1,0,0,0
2425,Ipswich Town,Luke Woolfenden,ENG,DF,26-025,1998,4.2,0,0.0,0,0,0,0,0,0,0,0.0,0,0,0,0,0,0
2425,Ipswich Town,Marcus Harness,ENG,MF,28-265,1996,0.5,2,4.0,2,0,0,0,0,0,0,0.0,0,0,0,0,0,0
2425,Ipswich Town,Massimo Luongo,AUS,MF,32-051,1992,1.6,0,0.0,0,0,0,0,0,0,0,0.0,0,0,0,0,0,0
2425,Ipswich Town,Omari Hutchinson,ENG,"MF,FW",21-016,2003,9.7,27,2.78,17,0,6,1,2,1,3,0.31,3,0,0,0,0,0
2425,Ipswich Town,Sam Morsy,EGY,MF,33-066,1991,9.9,15,1.51,13,2,0,0,0,0,1,0.1,1,0,0,0,0,0
2425,Ipswich Town,Sammie Szmodics,IRL,"FW,MF",29-052,1995,6.0,5,0.83,4,0,0,1,0,0,0,0.0,0,0,0,0,0,0
2425,Ipswich Town,Wes Burns,WAL,FW,29-358,1994,4.5,6,1.32,4,0,0,0,2,0,0,0.0,0,0,0,0,0,0
2425,Leicester City,Abdul Fatawu Issahaku,GHA,FW,20-252,2004,6.4,17,2.64,10,0,2,1,4,0,3,0.47,2,0,0,1,0,0
2425,Leicester City,Bilal El Khannouss,MAR,"MF,FW",20-189,2004,2.2,6,2.69,4,2,0,0,0,0,0,0.0,0,0,0,0,0,0
2425,Leicester City,Bobby Reid,JAM,FW,31-287,1993,1.8,3,1.67,2,0,0,1,0,0,0,0.0,0,0,0,0,0,0
2425,Leicester City,Boubakary Soumaré,FRA,MF,25-262,1999,1.6,3,1.9,3,0,0,0,0,0,0,0.0,0,0,0,0,0,0
2425,Leicester City,Caleb Okoli,ITA,DF,23-125,2001,7.0,2,0.29,2,0,0,0,0,0,0,0.0,0,0,0,0,0,0
2425,Leicester City,Conor Coady,ENG,DF,31-264,1993,0.1,0,0.0,0,0,0,0,0,0,0,0.0,0,0,0,0,0,0
2425,Leicester City,Facundo Buonanotte,ARG,"MF,FW",19-328,2004,8.1,32,3.94,16,7,8,1,0,0,3,0.37,0,2,1,0,0,0
2425,Leicester City,Hamza Choudhury,ENG,MF,27-045,1997,0.2,0,0.0,0,0,0,0,0,0,0,0.0,0,0,0,0,0,0
2425,Leicester City,Harry Winks,ENG,MF,28-287,1996,9.5,26,2.74,19,7,0,0,0,0,3,0.32,2,1,0,0,0,0
2425,Leicester City,James Justin,ENG,DF,26-266,1998,9.9,14,1.41,10,1,0,0,3,0,1,0.1,1,0,0,0,0,0
2425,Leicester City,Jamie Vardy,ENG,FW,37-309,1987,9.4,18,1.92,12,0,2,1,3,0,5,0.53,2,0,1,0,2,0
2425,Leicester City,Jannik Vestergaard,DEN,DF,32-104,1992,4.0,1,0.25,1,0,0,0,0,0,0,0.0,0,0,0,0,0,0
2425,Leicester City,Jordan Ayew,GHA,"FW,MF",33-065,1991,5.5,8,1.45,7,0,0,1,0,0,1,0.18,1,0,0,0,0,0
2425,Leicester City,Kasey McAteer,IRL,"FW,DF",22-359,2001,0.4,2,4.5,2,0,0,0,0,0,0,0.0,0,0,0,0,0,0
2425,Leicester City,Mads Hermansen,DEN,GK,24-127,2000,11.0,1,0.09,1,0,0,0,0,0,0,0.0,0,0,0,0,0,0
2425,Leicester City,Odsonne Édouard,FRA,FW,26-304,1998,0.3,2,6.21,2,0,0,0,0,0,0,0.0,0,0,0,0,0,0
2425,Leicester City,Oliver Skipp,ENG,MF,24-060,2000,4.5,5,1.12,4,0,0,0,1,0,0,0.0,0,0,0,0,0,0
2425,Leicester City,Ricardo Pereira,POR,DF,31-040,1993,1.6,2,1.23,2,0,0,0,0,0,0,0.0,0,0,0,0,0,0
2425,Leicester City,Stephy Mavididi,ENG,FW,26-168,1998,6.8,22,3.25,18,1,2,1,0,0,4,0.59,3,0,1,0,0,0
2425,Leicester City,Victor Bernth Kristiansen,DEN,DF,21-335,2002,9.5,16,1.68,10,4,0,0,2,0,1,0.11,1,0,0,0,0,0
2425,Leicester City,Wilfred Ndidi,NGA,MF,27-335,1996,10.2,16,1.58,14,0,1,1,0,0,3,0.3,3,0,0,0,0,0
2425,Leicester City,Wout Faes,BEL,DF,26-226,1998,11.0,3,0.27,2,0,0,1,0,0,0,0.0,0,0,0,0,0,0
2425,Liverpool,Alexis Mac Allister,ARG,MF,25-327,1998,8.6,27,3.13,24,1,0,1,1,0,2,0.23,2,0,0,0,0,0
2425,Liverpool,Alisson,BRA,GK,32-044,1992,5.9,1,0.17,1,0,0,0,0,0,0,0.0,0,0,0,0,0,0
2425,Liverpool,Andrew Robertson,SCO,DF,30-249,1994,8.4,18,2.14,14,3,0,0,0,1,0,0.0,0,0,0,0,0,0
2425,Liverpool,Caoimhín Kelleher,IRL,GK,25-358,1998,5.0,2,0.4,2,0,0,0,0,0,1,0.2,1,0,0,0,0,0
2425,Liverpool,Cody Gakpo,NED,FW,25-192,1999,4.7,16,3.41,13,0,0,1,2,0,1,0.21,1,0,0,0,0,0
2425,Liverpool,Conor Bradley,NIR,DF,21-129,2003,1.6,3,1.86,2,0,0,0,1,0,0,0.0,0,0,0,0,0,0
2425,Liverpool,Curtis Jones,ENG,MF,23-290,2001,4.6,7,1.54,6,0,0,0,1,0,2,0.44,1,0,0,0,1,0
2425,Liverpool,Darwin Núñez,URU,FW,25-144,1999,4.7,13,2.74,8,0,4,0,0,1,2,0.42,2,0,0,0,0,0
2425,Liverpool,Diogo Jota,POR,FW,27-347,1996,5.5,7,1.28,4,0,0,2,1,0,3,0.55,2,0,0,0,1,0
2425,Liverpool,Dominik Szoboszlai,HUN,MF,24-021,2000,8.3,26,3.14,21,2,0,3,0,0,2,0.24,2,0,0,0,0,0
2425,Liverpool,Federico Chiesa,ITA,FW,27-021,1997,0.2,2,9.47,2,0,0,0,0,0,0,0.0,0,0,0,0,0,0
2425,Liverpool,Harvey Elliott,ENG,FW,21-225,2003,0.1,0,0.0,0,0,0,0,0,0,0,0.0,0,0,0,0,0,0
2425,Liverpool,Ibrahima Konaté,FRA,DF,25-174,1999,9.8,7,0.71,5,0,0,2,0,0,1,0.1,1,0,0,0,0,0
2425,Liverpool,Jarell Quansah,ENG,DF,21-291,2003,0.5,0,0.0,0,0,0,0,0,0,0,0.0,0,0,0,0,0,0
2425,Liverpool,Joe Gomez,ENG,DF,27-176,1997,0.6,0,0.0,0,0,0,0,0,0,0,0.0,0,0,0,0,0,0
2425,Liverpool,Kostas Tsimikas,GRE,DF,28-187,1996,2.6,8,3.1,5,3,0,0,0,0,1,0.39,1,0,0,0,0,0
2425,Liverpool,Luis Díaz,COL,FW,27-307,1997,7.2,37,5.13,29,0,6,1,1,0,5,0.69,5,0,0,0,0,0
2425,Liverpool,Mohamed Salah,EGY,FW,32-153,1992,10.7,46,4.3,30,1,7,4,3,1,7,0.65,6,0,0,1,0,0
2425,Liverpool,Ryan Gravenberch,NED,MF,22-183,2002,11.0,17,1.55,15,0,1,1,0,0,4,0.36,4,0,0,0,0,0
2425,Liverpool,Trent Alexander-Arnold,ENG,DF,26-039,1998,9.6,30,3.11,22,7,1,0,0,0,4,0.42,3,1,0,0,0,0
2425,Liverpool,Virgil van Dijk,NED,DF,33-130,1991,11.0,14,1.27,13,0,0,0,0,1,3,0.27,3,0,0,0,0,0
2425,Liverpool,Vitezslav Jaros,CZE,GK,23-115,2001,0.1,0,0.0,0,0,0,0,0,0,0,0.0,0,0,0,0,0,0
2425,Liverpool,Wataru Endo,JPN,MF,31-280,1993,0.2,1,4.09,1,0,0,0,0,0,0,0.0,0,0,0,0,0,0
2425,Manchester City,Bernardo Silva,POR,"MF,FW",30-097,1994,9.3,41,4.41,38,0,3,0,0,0,5,0.54,5,0,0,0,0,0
2425,Manchester City,Ederson,BRA,GK,31-090,1993,11.0,3,0.27,3,0,0,0,0,0,1,0.09,1,0,0,0,0,0
2425,Manchester City,Erling Haaland,NOR,FW,24-117,2000,11.0,20,1.82,11,0,3,5,1,0,4,0.36,1,0,2,1,0,0
2425,Manchester City,Jack Grealish,ENG,"FW,MF",29-066,1995,3.8,26,6.76,23,1,1,0,0,1,2,0.52,1,0,0,0,0,1
2425,Manchester City,Jahmai Simpson-Pusey,ENG,DF,19-011,2005,1.0,0,0.0,0,0,0,0,0,0,0,0.0,0,0,0,0,0,0
2425,Manchester City,James Mcatee,ENG,FW,22-028,2002,0.0,0,0.0,0,0,0,0,0,0,0,0.0,0,0,0,0,0,0
2425,Manchester City,Jeremy Doku,BEL,"FW,MF",22-172,2002,4.5,21,4.66,17,1,2,1,0,0,1,0.22,1,0,0,0,0,0
2425,Manchester City,John Stones,ENG,"DF,MF",30-171,1994,2.7,5,1.87,5,0,0,0,0,0,1,0.37,1,0,0,0,0,0
2425,Manchester City,Joško Gvardiol,CRO,DF,22-297,2002,10.5,24,2.29,22,0,1,1,0,0,2,0.19,1,0,1,0,0,0
2425,Manchester City,Kevin De Bruyne,BEL,MF,33-140,1991,4.1,29,7.0,19,9,0,1,0,0,1,0.24,1,0,0,0,0,0
2425,Manchester City,Kyle Walker,ENG,DF,34-171,1990,5.2,11,2.11,11,0,0,0,0,0,0,0.0,0,0,0,0,0,0
2425,Manchester City,Manuel Akanji,SUI,DF,29-119,1995,8.7,20,2.3,20,0,0,0,0,0,1,0.12,1,0,0,0,0,0
2425,Manchester City,Mateo Kovačić,CRO,MF,30-193,1994,9.8,33,3.38,26,0,3,3,1,0,4,0.41,2,0,1,1,0,0
2425,Manchester City,Matheus Nunes,POR,"MF,FW",26-080,1998,3.3,17,5.22,12,0,2,1,2,0,3,0.92,2,0,1,0,0,0
2425,Manchester City,Nathan Aké,NED,DF,29-271,1995,0.8,1,1.2,1,0,0,0,0,0,0,0.0,0,0,0,0,0,0
2425,Manchester City,Phil Foden,ENG,MF,24-171,2000,5.1,37,7.19,23,10,0,2,2,0,3,0.58,1,1,0,1,0,0
2425,Manchester City,Rico Lewis,ENG,"DF,MF",19-360,2004,8.6,16,1.87,15,0,0,0,1,0,2,0.23,2,0,0,0,0,0
2425,Manchester City,Rodri,ESP,MF,28-146,1996,0.7,2,2.77,2,0,0,0,0,0,0,0.0,0,0,0,0,0,0
2425,Manchester City,Rúben Dias,POR,DF,27-185,1997,8.1,15,1.86,11,0,0,3,0,1,0,0.0,0,0,0,0,0,0
2425,Manchester City,Sávio,BRA,"FW,MF",20-219,2004,5.8,43,7.36,30,2,4,1,5,1,5,0.86,2,0,1,0,1,1
2425,Manchester City,İlkay Gündoğan,GER,MF,34-022,1990,7.0,27,3.88,22,2,3,0,0,0,2,0.29,2,0,0,0,0,0
2425,Manchester Utd,Alejandro Garnacho,ARG,FW,20-137,2004,7.9,21,2.64,16,1,2,1,1,0,1,0.13,1,0,0,0,0,0
2425,Manchester Utd,Amad Diallo,CIV,FW,22-127,2002,5.4,27,5.04,21,3,1,1,1,0,2,0.37,2,0,0,0,0,0
2425,Manchester Utd,André Onana,CMR,GK,28-227,1996,11.0,4,0.36,3,1,0,0,0,0,0,0.0,0,0,0,0,0,0
2425,Manchester Utd,Antony,BRA,FW,24-265,2000,0.3,2,6.43,2,0,0,0,0,0,0,0.0,0,0,0,0,0,0
2425,Manchester Utd,Bruno Fernandes,POR,"MF,FW",30-068,1994,10.3,42,4.07,35,2,1,1,2,1,4,0.39,4,0,0,0,0,0
2425,Manchester Utd,Casemiro,BRA,MF,32-266,1992,6.9,34,4.9,31,1,0,2,0,0,3,0.43,3,0,0,0,0,0
2425,Manchester Utd,Christian Eriksen,DEN,MF,32-275,1992,4.9,25,5.1,16,9,0,0,0,0,5,1.02,3,2,0,0,0,0
2425,Manchester Utd,Diogo Dalot,POR,DF,25-242,1999,10.6,22,2.07,19,0,2,0,0,1,1,0.09,1,0,0,0,0,0
2425,Manchester Utd,Harry Maguire,ENG,DF,31-255,1993,2.7,3,1.12,3,0,0,0,0,0,0,0.0,0,0,0,0,0,0
2425,Manchester Utd,Jonny Evans,NIR,DF,36-317,1988,2.6,2,0.76,2,0,0,0,0,0,0,0.0,0,0,0,0,0,0
2425,Manchester Utd,Joshua Zirkzee,NED,FW,23-177,2001,4.8,15,3.11,14,0,0,1,0,0,1,0.21,0,0,0,1,0,0
2425,Manchester Utd,Kobbie Mainoo,ENG,MF,19-210,2005,6.3,7,1.1,7,0,0,0,0,0,1,0.16,1,0,0,0,0,0
2425,Manchester Utd,Lisandro Martínez,ARG,DF,26-302,1998,9.8,11,1.12,10,0,0,0,0,1,0,0.0,0,0,0,0,0,0
2425,Manchester Utd,Manuel Ugarte Ribeiro,URU,MF,23-218,2001,3.1,7,2.25,4,0,0,0,1,2,0,0.0,0,0,0,0,0,0
2425,Manchester Utd,Marcus Rashford,ENG,FW,27-015,1997,8.4,24,2.85,21,0,2,1,0,0,1,0.12,1,0,0,0,0,0
2425,Manchester Utd,Mason Mount,ENG,"MF,FW",25-310,1999,1.6,5,3.1,4,1,0,0,0,0,0,0.0,0,0,0,0,0,0
2425,Manchester Utd,Matthijs de Ligt,NED,DF,25-095,1999,8.5,5,0.59,5,0,0,0,0,0,0,0.0,0,0,0,0,0,0
2425,Manchester Utd,Noussair Mazraoui,MAR,DF,27-001,1997,9.1,13,1.42,12,0,0,0,1,0,1,0.11,1,0,0,0,0,0
2425,Manchester Utd,Rasmus Højlund,DEN,FW,21-285,2003,4.6,11,2.38,8,0,2,0,1,0,1,0.22,0,0,0,0,1,0
2425,Manchester Utd,Scott McTominay,SCO,MF,27-343,1996,0.2,1,4.74,0,0,0,1,0,0,0,0.0,0,0,0,0,0,0
2425,Manchester Utd,Toby Collyer,ENG,MF,20-317,2004,0.5,2,4.0,2,0,0,0,0,0,0,0.0,0,0,0,0,0,0
2425,Manchester Utd,Victor Lindelöf,SWE,"DF,MF",30-121,1994,0.7,2,2.95,2,0,0,0,0,0,0,0.0,0,0,0,0,0,0
2425,Newcastle Utd,Alexander Isak,SWE,FW,25-055,1999,8.5,20,2.36,16,0,0,2,0,2,3,0.35,2,0,0,0,0,1
2425,Newcastle Utd,Anthony Gordon,ENG,FW,23-265,2001,9.4,39,4.15,25,5,5,1,3,0,2,0.21,1,0,0,0,1,0
2425,Newcastle Utd,Bruno Guimarães,BRA,MF,26-365,1997,10.9,30,2.76,25,0,2,0,3,0,3,0.28,3,0,0,0,0,0
2425,Newcastle Utd,Dan Burn,ENG,DF,32-190,1992,11.0,6,0.55,3,1,0,1,1,0,1,0.09,0,1,0,0,0,0
2425,Newcastle Utd,Emil Krafth,SWE,DF,30-105,1994,2.7,3,1.12,2,0,0,1,0,0,0,0.0,0,0,0,0,0,0
2425,Newcastle Utd,Fabian Schär,SUI,DF,32-331,1991,8.3,6,0.72,4,0,0,0,1,1,0,0.0,0,0,0,0,0,0
2425,Newcastle Utd,Harvey Barnes,ENG,FW,26-342,1997,5.5,20,3.63,13,1,2,1,3,0,3,0.54,2,0,1,0,0,0
2425,Newcastle Utd,Jacob Murphy,ENG,FW,29-265,1995,5.5,17,3.08,13,3,0,0,1,0,3,0.54,3,0,0,0,0,0
2425,Newcastle Utd,Joe Willock,ENG,"MF,FW",25-087,1999,3.7,20,5.49,18,0,1,1,0,0,2,0.55,2,0,0,0,0,0
2425,Newcastle Utd,Joelinton,BRA,"MF,FW",28-093,1996,10.3,22,2.14,18,1,0,2,0,1,1,0.1,1,0,0,0,0,0
2425,Newcastle Utd,Kieran Trippier,ENG,DF,34-057,1990,3.1,13,4.18,7,5,0,1,0,0,0,0.0,0,0,0,0,0,0
2425,Newcastle Utd,Lewis Hall,ENG,DF,20-068,2004,8.7,24,2.75,16,7,0,0,1,0,2,0.23,2,0,0,0,0,0
2425,Newcastle Utd,Lloyd Kelly,ENG,DF,26-040,1998,2.3,1,0.43,1,0,0,0,0,0,1,0.43,1,0,0,0,0,0
2425,Newcastle Utd,Miguel Almirón,PAR,FW,30-279,1994,1.2,4,3.43,4,0,0,0,0,0,0,0.0,0,0,0,0,0,0
2425,Newcastle Utd,Nick Pope,ENG,GK,32-210,1992,11.0,2,0.18,2,0,0,0,0,0,0,0.0,0,0,0,0,0,0
2425,Newcastle Utd,Sandro Tonali,ITA,MF,24-191,2000,4.6,10,2.18,6,1,0,1,2,0,2,0.44,2,0,0,0,0,0
2425,Newcastle Utd,Sean Longstaff,ENG,MF,27-016,1997,5.7,9,1.58,8,0,0,1,0,0,2,0.35,1,0,0,1,0,0
2425,Newcastle Utd,Valentino Livramento,ENG,DF,22-003,2002,7.9,8,1.01,8,0,0,0,0,0,0,0.0,0,0,0,0,0,0
2425,Newcastle Utd,William Osula,DEN,"FW,MF",21-103,2003,0.1,0,0.0,0,0,0,0,0,0,0,0.0,0,0,0,0,0,0
2425,Nott'ham Forest,Anthony Elanga,SWE,FW,22-202,2002,7.2,27,3.76,17,7,0,1,2,0,3,0.42,1,1,0,0,1,0
2425,Nott'ham Forest,Callum Hudson-Odoi,ENG,FW,24-008,2000,8.7,42,4.82,32,2,4,1,3,0,3,0.34,1,0,0,0,2,0
2425,Nott'ham Forest,Chris Wood,NZL,FW,32-344,1991,9.9,11,1.11,8,0,0,2,0,1,0,0.0,0,0,0,0,0,0
2425,Nott'ham Forest,Danilo,BRA,MF,23-200,2001,0.2,0,0.0,0,0,0,0,0,0,0,0.0,0,0,0,0,0,0
2425,Nott'ham Forest,Elliot Anderson,ENG,"MF,FW",22-009,2002,7.0,29,4.15,12,6,5,5,1,0,5,0.72,1,2,0,1,1,0
2425,Nott'ham Forest,Eric da Silva Moreira,GER,DF,18-196,2006,0.0,0,0.0,0,0,0,0,0,0,0,0.0,0,0,0,0,0,0
2425,Nott'ham Forest,Harry Toffolo,ENG,DF,29-088,1995,0.4,0,0.0,0,0,0,0,0,0,0,0.0,0,0,0,0,0,0
2425,Nott'ham Forest,Ibrahim Sangaré,CIV,MF,26-349,1997,2.4,4,1.7,3,0,0,1,0,0,0,0.0,0,0,0,0,0,0
2425,Nott'ham Forest,James Ward-Prowse,ENG,MF,30-014,1994,3.2,6,1.87,4,2,0,0,0,0,1,0.31,0,1,0,0,0,0
2425,Nott'ham Forest,Jota Silva,POR,"FW,MF",25-106,1999,2.4,8,3.29,6,0,1,0,1,0,1,0.41,1,0,0,0,0,0
2425,Nott'ham Forest,Matz Sels,BEL,GK,32-263,1992,11.0,3,0.27,1,2,0,0,0,0,0,0.0,0,0,0,0,0,0
2425,Nott'ham Forest,Morato,BRA,DF,23-138,2001,0.8,2,2.57,2,0,0,0,0,0,0,0.0,0,0,0,0,0,0
2425,Nott'ham Forest,Morgan Gibbs-White,ENG,MF,24-293,2000,7.0,29,4.17,23,0,2,3,1,0,4,0.58,3,0,0,1,0,0
2425,Nott'ham Forest,Murillo,BRA,DF,22-134,2002,11.0,14,1.27,10,1,0,2,0,1,1,0.09,1,0,0,0,0,0
2425,Nott'ham Forest,Neco Williams,WAL,DF,23-216,2001,4.2,10,2.41,9,0,0,1,0,0,0,0.0,0,0,0,0,0,0
2425,Nott'ham Forest,Nicolás Domínguez,ARG,"MF,FW",26-140,1998,5.8,8,1.38,5,1,0,1,1,0,0,0.0,0,0,0,0,0,0
2425,Nott'ham Forest,Nikola Milenković,SRB,DF,27-034,1997,10.0,10,1.0,8,0,0,1,0,1,2,0.2,2,0,0,0,0,0
2425,Nott'ham Forest,Ola Aina,NGA,DF,28-038,1996,10.6,25,2.37,19,3,1,1,0,1,1,0.09,0,0,0,0,0,1
2425,Nott'ham Forest,Ramón Sosa,PAR,"MF,FW",25-076,1999,1.1,8,7.2,6,0,2,0,0,0,0,0.0,0,0,0,0,0,0
2425,Nott'ham Forest,Ryan Yates,ENG,MF,26-360,1997,9.0,21,2.34,15,0,0,5,0,1,1,0.11,0,0,0,1,0,0
2425,Nott'ham Forest,Taiwo Awoniyi,NGA,FW,27-095,1997,1.2,3,2.39,2,0,0,0,1,0,0,0.0,0,0,0,0,0,0
2425,Nott'ham Forest,Willy Boly,CIV,DF,33-286,1991,1.0,0,0.0,0,0,0,0,0,0,0,0.0,0,0,0,0,0,0
2425,Nott'ham Forest,Álex Moreno,ESP,DF,31-160,1993,6.8,9,1.32,9,0,0,0,0,0,2,0.29,2,0,0,0,0,0
2425,Southampton,Aaron Ramsdale,ENG,GK,26-185,1998,9.0,1,0.11,1,0,0,0,0,0,0,0.0,0,0,0,0,0,0
2425,Southampton,Adam Armstrong,ENG,"FW,MF",27-279,1997,5.1,7,1.38,5,1,0,1,0,0,0,0.0,0,0,0,0,0,0
2425,Southampton,Adam Lallana,ENG,MF,36-189,1988,3.1,7,2.26,6,0,0,0,1,0,2,0.65,2,0,0,0,0,0
2425,Southampton,Alex McCarthy,ENG,GK,34-348,1989,2.0,0,0.0,0,0,0,0,0,0,0,0.0,0,0,0,0,0,0
2425,Southampton,Ben Brereton,CHI,FW,25-211,1999,4.5,9,1.99,7,0,0,0,2,0,0,0.0,0,0,0,0,0,0
2425,Southampton,Cameron Archer,ENG,FW,23-117,2001,6.6,5,0.76,0,0,2,2,1,0,0,0.0,0,0,0,0,0,0
2425,Southampton,Carlos Alcaraz,ARG,MF,21-351,2002,0.1,1,9.0,1,0,0,0,0,0,0,0.0,0,0,0,0,0,0
2425,Southampton,Charlie Taylor,ENG,DF,31-058,1993,2.3,2,0.86,2,0,0,0,0,0,1,0.43,1,0,0,0,0,0
2425,Southampton,Flynn Downes,ENG,MF,25-300,1999,10.0,20,2.01,16,2,0,1,0,1,1,0.1,0,1,0,0,0,0
2425,Southampton,Jack Stephens,ENG,DF,30-293,1994,6.4,7,1.1,7,0,0,0,0,0,0,0.0,0,0,0,0,0,0
2425,Southampton,James Bree,ENG,DF,27-035,1997,0.2,2,12.86,1,1,0,0,0,0,0,0.0,0,0,0,0,0,0
2425,Southampton,Jan Bednarek,POL,DF,28-217,1996,10.9,9,0.83,9,0,0,0,0,0,0,0.0,0,0,0,0,0,0
2425,Southampton,Joe Aribo,NGA,MF,28-117,1996,6.7,11,1.65,10,0,0,1,0,0,0,0.0,0,0,0,0,0,0
2425,Southampton,Kamaldeen Sulemana,GHA,"FW,MF",22-274,2002,0.2,0,0.0,0,0,0,0,0,0,0,0.0,0,0,0,0,0,0
2425,Southampton,Kyle Walker-Peters,ENG,DF,27-216,1997,8.9,18,2.03,9,1,2,3,2,1,2,0.23,2,0,0,0,0,0
2425,Southampton,Lesley Ugochukwu,FRA,MF,20-234,2004,1.9,3,1.57,3,0,0,0,0,0,0,0.0,0,0,0,0,0,0
2425,Southampton,Mateus Fernandes,POR,MF,20-128,2004,7.9,20,2.55,15,1,1,2,0,1,3,0.38,2,0,0,0,0,1
2425,Southampton,Maxwel Cornet,CIV,FW,28-049,1996,0.8,0,0.0,0,0,0,0,0,0,0,0.0,0,0,0,0,0,0
2425,Southampton,Paul Onuachu,NGA,FW,30-171,1994,0.7,1,1.43,1,0,0,0,0,0,0,0.0,0,0,0,0,0,0
2425,Southampton,Ross Stewart,SCO,"FW,MF",28-127,1996,1.5,2,1.36,1,0,0,1,0,0,0,0.0,0,0,0,0,0,0
2425,Southampton,Ryan Fraser,SCO,FW,30-265,1994,1.6,2,1.28,2,0,0,0,0,0,0,0.0,0,0,0,0,0,0
2425,Southampton,Ryan Manning,IRL,"DF,FW",28-154,1996,3.7,9,2.46,4,5,0,0,0,0,0,0.0,0,0,0,0,0,0
2425,Southampton,Samuel Amo-Ameyaw,ENG,DF,18-120,2006,0.1,2,18.0,1,0,0,0,1,0,0,0.0,0,0,0,0,0,0
2425,Southampton,Samuel Edozie,ENG,"DF,FW",21-292,2003,0.7,4,5.54,3,0,0,0,1,0,0,0.0,0,0,0,0,0,0
2425,Southampton,Taylor Harwood-Bellis,ENG,DF,22-290,2002,9.6,10,1.05,8,0,0,2,0,0,2,0.21,1,0,0,1,0,0
2425,Southampton,Tyler Dibling,ENG,"FW,MF",18-248,2006,6.3,25,3.95,13,1,6,2,3,0,2,0.32,1,0,1,0,0,0
2425,Southampton,William Smallbone,IRL,MF,24-268,2000,2.7,9,3.36,7,1,0,1,0,0,0,0.0,0,0,0,0,0,0
2425,Southampton,Yukinari Sugawara,JPN,DF,24-140,2000,7.4,20,2.69,15,4,1,0,0,0,1,0.13,1,0,0,0,0,0
2425,Tottenham,Archie Gray,ENG,"MF,DF",18-248,2006,0.5,0,0.0,0,0,0,0,0,0,0,0.0,0,0,0,0,0,0
2425,Tottenham,Ben Davies,WAL,DF,31-205,1993,0.3,0,0.0,0,0,0,0,0,0,0,0.0,0,0,0,0,0,0
2425,Tottenham,Brennan Johnson,WAL,FW,23-176,2001,9.6,18,1.87,15,0,1,2,0,0,0,0.0,0,0,0,0,0,0
2425,Tottenham,Cristian Romero,ARG,DF,26-202,1998,10.7,16,1.5,13,0,0,3,0,0,2,0.19,2,0,0,0,0,0
2425,Tottenham,Dejan Kulusevski,SWE,"MF,FW",24-204,2000,9.5,56,5.87,44,6,4,0,2,0,3,0.31,2,0,1,0,0,0
2425,Tottenham,Destiny Udogie,ITA,DF,21-353,2002,10.2,22,2.16,20,0,0,1,0,1,3,0.3,2,0,0,0,0,1
2425,Tottenham,Djed Spence,ENG,DF,24-098,2000,0.7,0,0.0,0,0,0,0,0,0,0,0.0,0,0,0,0,0,0
2425,Tottenham,Dominic Solanke,ENG,FW,27-062,1997,8.9,18,2.03,14,0,0,3,1,0,5,0.56,4,0,0,0,1,0
2425,Tottenham,Guglielmo Vicario,ITA,GK,28-039,1996,11.0,3,0.27,3,0,0,0,0,0,0,0.0,0,0,0,0,0,0
2425,Tottenham,James Maddison,ENG,MF,27-358,1996,7.6,44,5.78,30,7,1,3,3,0,7,0.92,5,1,0,1,0,0
2425,Tottenham,Lucas Bergvall,SWE,"MF,FW",18-287,2006,0.6,2,3.53,0,2,0,0,0,0,0,0.0,0,0,0,0,0,0
2425,Tottenham,Micky van de Ven,NED,DF,23-210,2001,7.9,9,1.14,6,0,0,2,1,0,2,0.25,2,0,0,0,0,0
2425,Tottenham,Mikey Moore,ENG,FW,17-096,2007,0.9,5,5.29,3,2,0,0,0,0,0,0.0,0,0,0,0,0,0
2425,Tottenham,Pape Matar Sarr,SEN,MF,22-062,2002,4.9,14,2.83,11,1,0,1,0,1,4,0.81,3,0,0,1,0,0
2425,Tottenham,Pedro Porro,ESP,DF,25-063,1999,11.0,40,3.65,29,6,1,2,2,0,2,0.18,0,1,1,0,0,0
2425,Tottenham,Radu Drăgușin,ROU,DF,22-286,2002,3.1,0,0.0,0,0,0,0,0,0,0,0.0,0,0,0,0,0,0
2425,Tottenham,Richarlison,BRA,FW,27-189,1997,1.0,3,2.97,2,0,0,0,1,0,1,0.99,1,0,0,0,0,0
2425,Tottenham,Rodrigo Bentancur,URU,MF,27-143,1997,5.9,15,2.52,10,0,1,3,0,1,0,0.0,0,0,0,0,0,0
2425,Tottenham,Son Heung-min,KOR,FW,32-130,1992,7.4,50,6.79,39,1,8,0,2,0,5,0.68,5,0,0,0,0,0
2425,Tottenham,Timo Werner,GER,"FW,MF",28-254,1996,3.0,5,1.67,4,0,0,1,0,0,1,0.33,1,0,0,0,0,0
2425,Tottenham,Wilson Odobert,FRA,FW,19-353,2004,1.8,4,2.24,3,0,0,1,0,0,0,0.0,0,0,0,0,0,0
2425,Tottenham,Yves Bissouma,MLI,MF,28-077,1996,4.5,8,1.8,8,0,0,0,0,0,0,0.0,0,0,0,0,0,0
2425,West Ham,Aaron Cresswell,ENG,DF,34-336,1989,0.3,1,3.1,1,0,0,0,0,0,0,0.0,0,0,0,0,0,0
2425,West Ham,Aaron Wan-Bissaka,ENG,DF,26-355,1997,9.1,30,3.31,24,1,2,1,0,2,3,0.33,2,0,0,1,0,0
2425,West Ham,Alphonse Areola,FRA,GK,31-262,1993,7.5,1,0.13,0,1,0,0,0,0,0,0.0,0,0,0,0,0,0
2425,West Ham,Andy Irving,SCO,MF,24-186,2000,0.3,1,2.81,1,0,0,0,0,0,0,0.0,0,0,0,0,0,0
2425,West Ham,Carlos Soler,ESP,"MF,FW",27-318,1997,3.0,9,3.02,5,1,1,1,0,1,0,0.0,0,0,0,0,0,0
2425,West Ham,Crysencio Summerville,NED,"MF,FW",23-016,2001,3.8,14,3.64,9,1,2,0,2,0,0,0.0,0,0,0,0,0,0
2425,West Ham,Danny Ings,ENG,"FW,MF",32-115,1992,0.8,4,4.8,2,0,0,1,1,0,2,2.4,0,0,0,1,1,0
2425,West Ham,Edson Álvarez,MEX,"MF,DF",27-022,1997,4.5,9,1.99,8,0,1,0,0,0,0,0.0,0,0,0,0,0,0
2425,West Ham,Emerson Palmieri,ITA,DF,30-104,1994,9.5,21,2.22,13,5,0,2,1,0,0,0.0,0,0,0,0,0,0
2425,West Ham,Guido Rodríguez,ARG,MF,30-217,1994,8.9,7,0.79,6,0,0,1,0,0,0,0.0,0,0,0,0,0,0
2425,West Ham,James Ward-Prowse,ENG,MF,30-014,1994,0.2,0,0.0,0,0,0,0,0,0,0,0.0,0,0,0,0,0,0
2425,West Ham,Jarrod Bowen,ENG,"MF,FW",27-331,1996,10.7,41,3.82,24,8,2,5,1,1,2,0.19,2,0,0,0,0,0
2425,West Ham,Jean-Clair Todibo,FRA,DF,24-321,1999,5.6,4,0.71,3,0,0,0,0,1,0,0.0,0,0,0,0,0,0
2425,West Ham,Konstantinos Mavropanos,GRE,DF,26-340,1997,7.2,6,0.83,4,0,0,1,0,1,0,0.0,0,0,0,0,0,0
2425,West Ham,Lucas Paquetá,BRA,MF,27-080,1997,9.0,27,3.0,23,1,1,2,0,0,2,0.22,1,0,0,1,0,0
2425,West Ham,Luis Guilherme,BRA,MF,18-280,2006,0.1,1,6.92,0,0,0,0,1,0,0,0.0,0,0,0,0,0,0
2425,West Ham,Max Kilman,ENG,DF,27-176,1997,11.0,8,0.73,7,0,1,0,0,0,2,0.18,1,0,1,0,0,0
2425,West Ham,Michail Antonio,JAM,FW,34-232,1990,7.4,18,2.42,12,0,1,5,0,0,4,0.54,0,0,0,4,0,0
2425,West Ham,Mohammed Kudus,GHA,"MF,FW",24-105,2000,7.4,25,3.4,16,0,6,2,0,1,0,0.0,0,0,0,0,0,0
2425,West Ham,Niclas Füllkrug,GER,FW,31-280,1993,0.7,1,1.36,1,0,0,0,0,0,0,0.0,0,0,0,0,0,0
2425,West Ham,Tomáš Souček,CZE,MF,29-262,1995,7.3,18,2.48,12,0,0,4,1,1,2,0.28,1,0,0,0,1,0
2425,West Ham,Vladimír Coufal,CZE,DF,32-085,1992,2.5,4,1.61,2,2,0,0,0,0,1,0.4,0,1,0,0,0,0
2425,West Ham,Łukasz Fabiański,POL,GK,39-211,1985,3.5,1,0.29,1,0,0,0,0,0,0,0.0,0,0,0,0,0,0
2425,Wolves,André,BRA,MF,23-122,2001,4.0,7,1.74,7,0,0,0,0,0,0,0.0,0,0,0,0,0,0
2425,Wolves,Carlos Forbs,POR,"MF,FW",20-241,2004,2.0,4,2.02,3,0,1,0,0,0,1,0.51,1,0,0,0,0,0
2425,Wolves,Chiquinho,POR,MF,24-284,2000,0.1,2,25.71,2,0,0,0,0,0,0,0.0,0,0,0,0,0,0
2425,Wolves,Craig Dawson,ENG,DF,34-193,1990,8.3,6,0.72,5,0,0,1,0,0,2,0.24,1,0,0,1,0,0
2425,Wolves,Daniel Podence,POR,"MF,FW",29-025,1995,0.5,0,0.0,0,0,0,0,0,0,0,0.0,0,0,0,0,0,0
2425,Wolves,Gonçalo Guedes,POR,"FW,MF",27-352,1996,1.4,5,3.49,5,0,0,0,0,0,1,0.7,1,0,0,0,0,0
2425,Wolves,Hwang Hee-chan,KOR,"FW,MF",28-294,1996,2.8,5,1.75,5,0,0,0,0,0,1,0.35,1,0,0,0,0,0
2425,Wolves,Jean-Ricner Bellegarde,FRA,"MF,FW",26-141,1998,5.3,15,2.84,8,0,1,1,3,2,2,0.38,1,0,0,0,0,1
2425,Wolves,José Sá,POR,GK,31-303,1993,6.0,2,0.33,2,0,0,0,0,0,0,0.0,0,0,0,0,0,0
2425,Wolves,João Gomes,BRA,MF,23-277,2001,10.3,16,1.55,13,1,1,0,0,1,0,0.0,0,0,0,0,0,0
2425,Wolves,Jørgen Strand Larsen,NOR,FW,24-283,2000,9.9,15,1.51,11,1,0,1,2,0,2,0.2,2,0,0,0,0,0
2425,Wolves,Mario Lemina,GAB,MF,31-075,1993,9.8,16,1.63,12,0,2,1,0,1,2,0.2,2,0,0,0,0,0
2425,Wolves,Matheus Cunha,BRA,"MF,FW",25-172,1999,9.8,38,3.86,20,7,6,2,2,1,5,0.51,4,0,1,0,0,0
2425,Wolves,Matt Doherty,IRL,DF,32-304,1992,2.3,2,0.85,1,1,0,0,0,0,0,0.0,0,0,0,0,0,0
2425,Wolves,Nélson Semedo,POR,DF,30-365,1993,8.7,11,1.27,9,0,2,0,0,0,2,0.23,2,0,0,0,0,0
2425,Wolves,Pablo Sarabia,ESP,"MF,FW",32-188,1992,2.0,5,2.49,1,3,1,0,0,0,1,0.5,0,0,1,0,0,0
2425,Wolves,Rayan Aït-Nouri,ALG,DF,23-162,2001,10.2,25,2.44,17,2,3,2,0,1,4,0.39,2,1,0,0,0,1
2425,Wolves,Rodrigo Gomes,POR,"FW,MF",21-131,2003,1.3,0,0.0,0,0,0,0,0,0,0,0.0,0,0,0,0,0,0
2425,Wolves,Sam Johnstone,ENG,GK,31-235,1993,5.0,2,0.4,2,0,0,0,0,0,0,0.0,0,0,0,0,0,0
2425,Wolves,Santiago Bueno,URU,DF,26-006,1998,4.9,3,0.61,3,0,0,0,0,0,1,0.2,1,0,0,0,0,0
2425,Wolves,Tommy Doyle,ENG,MF,23-029,2001,3.0,9,3.06,5,2,1,1,0,0,2,0.68,1,0,1,0,0,0
2425,Wolves,Toti Gomes,POR,DF,25-304,1999,8.2,6,0.73,6,0,0,0,0,0,1,0.12,1,0,0,0,0,0
2425,Wolves,Yerson Mosquera,COL,DF,23-197,2001,4.9,5,1.02,5,0,0,0,0,0,0,0.0,0,0,0,0,0,0
