season,team,player,nation,pos,age,born,Playing Time_MP,Playing Time_Starts,Playing Time_Min,Playing Time_90s,Performance_Gls,Performance_Ast,Performance_G+A,Performance_G-PK,Performance_PK,Performance_PKatt,Performance_CrdY,Performance_CrdR,Expected_xG,Expected_npxG,Expected_xAG,Expected_npxG+xAG,Progression_PrgC,Progression_PrgP,Progression_PrgR,Per 90 Minutes_Gls,Per 90 Minutes_Ast,Per 90 Minutes_G+A,Per 90 Minutes_G-PK,Per 90 Minutes_G+A-PK,Per 90 Minutes_xG,Per 90 Minutes_xAG,Per 90 Minutes_xG+xAG,Per 90 Minutes_npxG,Per 90 Minutes_npxG+xAG
2425,Arsenal,Ben White,ENG,DF,27-038,1997,9,7,695,7.7,0,1,1,0,0,0,2,0,0.1,0.1,0.4,0.6,4,30,15,0.0,0.13,0.13,0.0,0.13,0.02,0.06,0.07,0.02,0.07
2425,Arsenal,Bukayo Saka,ENG,"MF,FW",23-071,2001,10,10,820,9.1,3,7,10,3,0,0,1,0,2.5,2.5,3.8,6.3,39,33,108,0.33,0.77,1.1,0.33,1.1,0.27,0.42,0.69,0.27,0.69
2425,Arsenal,David Raya,ESP,GK,29-061,1995,11,11,990,11.0,0,0,0,0,0,0,2,0,0.0,0.0,0.0,0.0,0,3,0,0.0,0.0,0.0,0.0,0.0,0.0,0.0,0.0,0.0,0.0
2425,Arsenal,Declan Rice,ENG,MF,25-306,1999,10,10,832,9.2,0,1,1,0,0,0,4,1,0.7,0.7,1.4,2.1,24,60,31,0.0,0.11,0.11,0.0,0.11,0.08,0.15,0.23,0.08,0.23
2425,Arsenal,Ethan Nwaneri,ENG,"MF,FW",17-239,2007,5,0,57,0.6,0,0,0,0,0,0,0,0,0.1,0.1,0.1,0.2,4,2,5,0.0,0.0,0.0,0.0,0.0,0.09,0.17,0.25,0.09,0.25
2425,Arsenal,Gabriel Jesus,BRA,"FW,MF",27-226,1997,9,1,127,1.4,0,0,0,0,0,0,3,0,0.6,0.6,0.4,1.0,7,2,14,0.0,0.0,0.0,0.0,0.0,0.41,0.28,0.69,0.41,0.69
2425,Arsenal,Gabriel Magalhães,BRA,DF,26-332,1997,11,11,953,10.6,2,0,2,2,0,0,1,0,1.4,1.4,0.4,1.8,3,30,6,0.19,0.0,0.19,0.19,0.19,0.14,0.03,0.17,0.14,0.17
2425,Arsenal,Gabriel Martinelli,BRA,"MF,FW",23-150,2001,11,8,682,7.6,3,2,5,3,0,0,0,0,2.1,2.1,1.7,3.8,39,15,89,0.4,0.26,0.66,0.4,0.66,0.27,0.23,0.5,0.27,0.5
2425,Arsenal,Jakub Kiwior,POL,DF,24-274,2000,4,0,99,1.1,0,0,0,0,0,0,0,0,0.0,0.0,0.0,0.0,0,1,0,0.0,0.0,0.0,0.0,0.0,0.0,0.0,0.0,0.0,0.0
2425,Arsenal,Jorginho,ITA,MF,32-331,1991,3,2,155,1.7,0,0,0,0,0,0,2,0,0.0,0.0,0.0,0.1,2,9,0,0.0,0.0,0.0,0.0,0.0,0.02,0.02,0.04,0.02,0.04
2425,Arsenal,Jurriën Timber,NED,DF,23-151,2001,9,8,683,7.6,0,1,1,0,0,0,3,0,0.4,0.4,0.5,0.9,12,31,22,0.0,0.13,0.13,0.0,0.13,0.05,0.07,0.11,0.05,0.11
2425,Arsenal,Kai Havertz,GER,FW,25-157,1999,11,11,990,11.0,4,1,5,4,0,0,2,0,4.5,4.5,1.1,5.7,20,33,60,0.36,0.09,0.45,0.36,0.45,0.41,0.1,0.52,0.41,0.52
2425,Arsenal,Leandro Trossard,BEL,FW,29-347,1994,11,7,580,6.4,2,0,2,2,0,0,2,1,2.0,2.0,0.8,2.8,16,27,32,0.31,0.0,0.31,0.31,0.31,0.31,0.12,0.43,0.31,0.43
2425,Arsenal,Martin Ødegaard,NOR,MF,25-334,1998,4,4,343,3.8,0,1,1,0,0,0,1,0,0.6,0.6,0.7,1.2,10,29,13,0.0,0.26,0.26,0.0,0.26,0.15,0.18,0.32,0.15,0.32
2425,Arsenal,Mikel Merino,ESP,"MF,FW",28-146,1996,5,3,280,3.1,1,0,1,1,0,0,1,0,1.0,1.0,0.5,1.5,2,19,16,0.32,0.0,0.32,0.32,0.32,0.33,0.15,0.48,0.33,0.48
2425,Arsenal,Myles Lewis-Skelly,ENG,DF,18-050,2006,2,0,16,0.2,0,0,0,0,0,0,1,0,0.0,0.0,0.0,0.0,1,2,1,0.0,0.0,0.0,0.0,0.0,0.0,0.0,0.0,0.0,0.0
2425,Arsenal,Oleksandr Zinchenko,UKR,"DF,MF",27-336,1996,3,1,109,1.2,0,0,0,0,0,0,0,0,0.0,0.0,0.0,0.0,1,13,3,0.0,0.0,0.0,0.0,0.0,0.0,0.0,0.0,0.0,0.0
2425,Arsenal,Raheem Sterling,ENG,"MF,FW",29-343,1994,4,2,123,1.4,0,0,0,0,0,0,0,0,0.3,0.3,0.0,0.4,9,3,12,0.0,0.0,0.0,0.0,0.0,0.24,0.03,0.28,0.24,0.28
2425,Arsenal,Reiss Nelson,ENG,FW,24-341,1999,1,0,3,0.0,0,0,0,0,0,0,0,0,0.0,0.0,0.0,0.0,0,0,0,0.0,0.0,0.0,0.0,0.0,0.0,0.0,0.0,0.0,0.0
2425,Arsenal,Riccardo Calafiori,ITA,DF,22-180,2002,6,4,386,4.3,1,0,1,1,0,0,1,0,0.5,0.5,0.1,0.6,3,18,9,0.23,0.0,0.23,0.23,0.23,0.12,0.02,0.14,0.12,0.14
2425,Arsenal,Takehiro Tomiyasu,JPN,DF,26-010,1998,1,0,7,0.1,0,0,0,0,0,0,0,0,0.2,0.2,0.0,0.2,0,1,0,0.0,0.0,0.0,0.0,0.0,2.37,0.0,2.37,2.37,2.37
2425,Arsenal,Thomas Partey,GHA,"MF,DF",31-155,1993,11,11,972,10.8,1,0,1,1,0,0,2,0,0.6,0.6,0.6,1.2,4,65,7,0.09,0.0,0.09,0.09,0.09,0.05,0.06,0.11,0.05,0.11
2425,Arsenal,William Saliba,FRA,DF,23-236,2001,10,10,839,9.3,0,0,0,0,0,0,2,1,0.0,0.0,0.5,0.5,5,26,2,0.0,0.0,0.0,0.0,0.0,0.0,0.05,0.05,0.0,0.05
2425,Aston Villa,Amadou Onana,BEL,MF,23-091,2001,10,10,703,7.8,2,0,2,2,0,0,3,0,1.6,1.6,0.1,1.7,8,23,6,0.26,0.0,0.26,0.26,0.26,0.2,0.02,0.22,0.2,0.22
2425,Aston Villa,Boubacar Kamara,FRA,MF,24-358,1999,3,0,36,0.4,0,0,0,0,0,0,1,0,0.0,0.0,0.0,0.0,0,2,0,0.0,0.0,0.0,0.0,0.0,0.0,0.0,0.0,0.0,0.0
2425,Aston Villa,Diego Carlos,BRA,DF,31-245,1993,6,4,470,5.2,0,0,0,0,0,0,0,0,0.5,0.5,0.0,0.5,1,14,0,0.0,0.0,0.0,0.0,0.0,0.09,0.0,0.09,0.09,0.09
2425,Aston Villa,Emi Buendía,ARG,"MF,FW",27-326,1996,4,0,23,0.3,0,0,0,0,0,0,0,0,0.1,0.1,0.0,0.1,2,3,4,0.0,0.0,0.0,0.0,0.0,0.34,0.0,0.34,0.34,0.34
2425,Aston Villa,Emiliano Martínez,ARG,GK,32-074,1992,11,11,990,11.0,0,0,0,0,0,0,1,0,0.0,0.0,0.0,0.0,0,0,0,0.0,0.0,0.0,0.0,0.0,0.0,0.0,0.0,0.0,0.0
2425,Aston Villa,Ezri Konsa,ENG,DF,27-023,1997,10,10,821,9.1,1,0,1,1,0,0,0,0,0.4,0.4,0.1,0.5,8,32,5,0.11,0.0,0.11,0.11,0.11,0.04,0.01,0.05,0.04,0.05
2425,Aston Villa,Ian Maatsen,NED,DF,22-250,2002,9,0,161,1.8,0,0,0,0,0,0,0,0,0.0,0.0,0.9,0.9,5,9,15,0.0,0.0,0.0,0.0,0.0,0.01,0.5,0.51,0.01,0.51
2425,Aston Villa,Jacob Ramsey,ENG,"FW,MF",23-171,2001,10,7,633,7.0,0,2,2,0,0,0,1,0,0.7,0.7,1.3,2.0,28,28,54,0.0,0.28,0.28,0.0,0.28,0.1,0.18,0.28,0.1,0.28
2425,Aston Villa,Jaden Philogene Bidace,ENG,"FW,MF",22-281,2002,7,1,200,2.2,0,0,0,0,0,0,3,1,0.4,0.4,0.0,0.4,2,2,9,0.0,0.0,0.0,0.0,0.0,0.18,0.0,0.18,0.18,0.18
2425,Aston Villa,Jhon Durán,COL,FW,20-338,2003,11,0,289,3.2,4,0,4,4,0,0,1,0,2.4,2.4,0.0,2.4,3,6,17,1.25,0.0,1.25,1.25,1.25,0.74,0.01,0.75,0.74,0.75
2425,Aston Villa,John McGinn,SCO,"FW,MF",30-028,1994,9,7,552,6.1,0,0,0,0,0,0,2,0,0.6,0.6,0.4,1.0,12,22,27,0.0,0.0,0.0,0.0,0.0,0.1,0.06,0.16,0.1,0.16
2425,Aston Villa,Kosta Nedeljković,SRB,DF,18-335,2005,3,0,96,1.1,0,0,0,0,0,0,0,0,0.0,0.0,0.0,0.0,1,3,0,0.0,0.0,0.0,0.0,0.0,0.0,0.0,0.0,0.0,0.0
2425,Aston Villa,Lamare Bogarde,NED,DF,20-315,2004,2,2,168,1.9,0,0,0,0,0,0,1,0,0.0,0.0,0.1,0.1,3,6,5,0.0,0.0,0.0,0.0,0.0,0.0,0.04,0.04,0.0,0.04
2425,Aston Villa,Leon Bailey,JAM,"FW,MF",27-098,1997,10,7,503,5.6,0,2,2,0,0,0,2,0,0.4,0.4,1.0,1.4,22,18,42,0.0,0.36,0.36,0.0,0.36,0.08,0.18,0.26,0.08,0.26
2425,Aston Villa,Lucas Digne,FRA,DF,31-118,1993,11,11,841,9.3,0,2,2,0,0,0,3,0,0.5,0.5,2.4,2.9,5,15,48,0.0,0.21,0.21,0.0,0.21,0.06,0.26,0.31,0.06,0.31
2425,Aston Villa,Matty Cash,POL,DF,27-100,1997,6,6,425,4.7,0,0,0,0,0,0,1,0,0.0,0.0,0.2,0.2,8,14,7,0.0,0.0,0.0,0.0,0.0,0.01,0.04,0.04,0.01,0.04
2425,Aston Villa,Morgan Rogers,ENG,"MF,FW",22-112,2002,11,11,899,10.0,3,2,5,3,0,0,3,0,2.6,2.6,2.5,5.2,30,31,56,0.3,0.2,0.5,0.3,0.5,0.26,0.25,0.52,0.26,0.52
2425,Aston Villa,Ollie Watkins,ENG,FW,28-321,1995,11,11,839,9.3,5,2,7,5,0,0,0,0,5.1,5.1,1.0,6.2,15,5,51,0.54,0.21,0.75,0.54,0.75,0.55,0.11,0.66,0.55,0.66
2425,Aston Villa,Pau Torres,ESP,DF,27-304,1997,11,11,990,11.0,0,0,0,0,0,0,1,0,0.2,0.2,0.0,0.2,21,40,4,0.0,0.0,0.0,0.0,0.0,0.02,0.0,0.02,0.02,0.02
2425,Aston Villa,Ross Barkley,ENG,MF,30-346,1993,8,1,277,3.1,1,1,2,1,0,0,3,0,0.8,0.8,0.2,1.0,8,16,4,0.32,0.32,0.65,0.32,0.65,0.25,0.08,0.33,0.25,0.33
2425,Aston Villa,Youri Tielemans,BEL,MF,27-192,1997,11,11,973,10.8,0,3,3,0,0,0,3,0,0.5,0.5,2.7,3.2,16,79,11,0.0,0.28,0.28,0.0,0.28,0.05,0.25,0.3,0.05,0.3
2425,Bournemouth,Adam Smith,ENG,DF,33-200,1991,11,6,607,6.7,0,0,0,0,0,0,3,0,0.6,0.6,0.1,0.7,2,11,8,0.0,0.0,0.0,0.0,0.0,0.09,0.02,0.11,0.09,0.11
2425,Bournemouth,Alex Scott,ENG,MF,21-086,2003,8,2,263,2.9,0,0,0,0,0,0,0,0,0.1,0.1,0.2,0.3,5,32,14,0.0,0.0,0.0,0.0,0.0,0.05,0.07,0.12,0.05,0.12
2425,Bournemouth,Antoine Semenyo,GHA,FW,24-313,2000,11,11,967,10.7,4,1,5,4,0,0,4,0,3.8,3.8,2.1,5.9,45,24,86,0.37,0.09,0.47,0.37,0.47,0.36,0.2,0.55,0.36,0.55
2425,Bournemouth,Dango Ouattara,BFA,"FW,DF",22-278,2002,8,4,414,4.6,1,1,2,1,0,0,0,0,1.5,1.5,1.4,2.9,23,6,47,0.22,0.22,0.43,0.22,0.43,0.33,0.3,0.63,0.33,0.63
2425,Bournemouth,Daniel Jebbison,ENG,FW,21-094,2003,2,0,28,0.3,0,0,0,0,0,0,0,0,0.0,0.0,0.0,0.0,1,0,1,0.0,0.0,0.0,0.0,0.0,0.0,0.07,0.07,0.0,0.07
2425,Bournemouth,David Brooks,WAL,"MF,FW",27-130,1997,4,0,49,0.5,0,0,0,0,0,0,0,0,0.1,0.1,0.3,0.4,1,4,11,0.0,0.0,0.0,0.0,0.0,0.18,0.56,0.74,0.18,0.74
2425,Bournemouth,Dean Huijsen,ESP,DF,19-215,2005,5,2,219,2.4,0,0,0,0,0,0,1,0,0.3,0.3,0.2,0.5,2,11,1,0.0,0.0,0.0,0.0,0.0,0.11,0.09,0.2,0.11,0.2
2425,Bournemouth,Enes Ünal,TUR,"FW,MF",27-189,1997,8,1,156,1.7,0,0,0,0,0,0,1,0,0.7,0.7,0.1,0.9,4,7,8,0.0,0.0,0.0,0.0,0.0,0.42,0.08,0.49,0.42,0.49
2425,Bournemouth,Evanilson,BRA,FW,25-040,1999,10,9,707,7.9,4,0,4,4,0,1,0,0,4.0,3.2,0.7,3.9,7,5,20,0.51,0.0,0.51,0.51,0.51,0.51,0.09,0.6,0.41,0.5
2425,Bournemouth,Illia Zabarnyi,UKR,DF,22-075,2002,11,11,990,11.0,0,0,0,0,0,0,1,0,0.3,0.3,0.1,0.4,4,39,1,0.0,0.0,0.0,0.0,0.0,0.03,0.01,0.04,0.03,0.04
2425,Bournemouth,Julian Araujo,MEX,DF,23-094,2001,8,5,355,3.9,0,0,0,0,0,0,1,0,0.0,0.0,0.0,0.0,2,14,11,0.0,0.0,0.0,0.0,0.0,0.0,0.0,0.0,0.0,0.0
2425,Bournemouth,Justin Kluivert,NED,"MF,FW",25-194,1999,11,8,625,6.9,2,2,4,1,1,1,4,0,2.0,1.3,1.1,2.4,16,27,47,0.29,0.29,0.58,0.14,0.43,0.29,0.17,0.46,0.18,0.35
2425,Bournemouth,Kepa Arrizabalaga,ESP,GK,30-043,1994,6,6,540,6.0,0,0,0,0,0,0,0,0,0.0,0.0,0.0,0.0,0,0,0,0.0,0.0,0.0,0.0,0.0,0.0,0.0,0.0,0.0,0.0
2425,Bournemouth,Lewis Cook,ENG,MF,27-286,1997,11,11,983,10.9,1,3,4,1,0,0,3,0,0.5,0.5,2.0,2.4,10,57,17,0.09,0.27,0.37,0.09,0.37,0.04,0.18,0.22,0.04,0.22
2425,Bournemouth,Luis Sinisterra,COL,"FW,MF",25-151,1999,8,1,208,2.3,1,1,2,1,0,0,0,0,1.1,1.1,1.0,2.1,14,3,29,0.43,0.43,0.87,0.43,0.87,0.48,0.44,0.92,0.48,0.92
2425,Bournemouth,Marcos Senesi,ARG,DF,27-189,1997,9,9,772,8.6,0,0,0,0,0,0,4,0,0.8,0.8,0.3,1.1,10,41,3,0.0,0.0,0.0,0.0,0.0,0.09,0.03,0.12,0.09,0.12
2425,Bournemouth,Marcus Tavernier,ENG,"MF,FW",25-238,1999,11,9,803,8.9,1,2,3,1,0,0,2,0,2.6,2.6,1.7,4.2,22,51,49,0.11,0.22,0.34,0.11,0.34,0.29,0.19,0.47,0.29,0.47
2425,Bournemouth,Mark Travers,IRL,GK,25-181,1999,3,3,270,3.0,0,0,0,0,0,0,0,0,0.0,0.0,0.0,0.0,0,0,0,0.0,0.0,0.0,0.0,0.0,0.0,0.0,0.0,0.0,0.0
2425,Bournemouth,Milos Kerkez,HUN,DF,21-008,2003,11,11,927,10.3,0,2,2,0,0,0,2,0,0.2,0.1,1.0,1.1,29,45,45,0.0,0.19,0.19,0.0,0.19,0.02,0.1,0.12,0.01,0.11
2425,Bournemouth,Neto,BRA,GK,35-119,1989,2,2,180,2.0,0,0,0,0,0,0,0,0,0.0,0.0,0.0,0.0,0,0,0,0.0,0.0,0.0,0.0,0.0,0.0,0.0,0.0,0.0,0.0
2425,Bournemouth,Philip Billing,DEN,MF,28-157,1996,2,0,23,0.3,0,0,0,0,0,0,0,0,0.0,0.0,0.0,0.0,0,0,2,0.0,0.0,0.0,0.0,0.0,0.0,0.0,0.0,0.0,0.0
2425,Bournemouth,Ryan Christie,SCO,MF,29-267,1995,11,9,703,7.8,1,0,1,1,0,0,5,0,0.5,0.5,1.1,1.5,8,43,18,0.13,0.0,0.13,0.13,0.13,0.06,0.14,0.2,0.06,0.2
2425,Bournemouth,Tyler Adams,USA,MF,25-275,1999,3,1,101,1.1,0,0,0,0,0,0,1,0,0.0,0.0,0.1,0.2,0,3,0,0.0,0.0,0.0,0.0,0.0,0.02,0.12,0.14,0.02,0.14
2425,Brentford,Ben Mee,ENG,"DF,FW",35-055,1989,2,0,5,0.1,0,0,0,0,0,0,0,0,0.0,0.0,0.0,0.0,0,0,0,0.0,0.0,0.0,0.0,0.0,0.0,0.0,0.0,0.0,0.0
2425,Brentford,Bryan Mbeumo,CMR,FW,25-100,1999,11,11,984,10.9,8,1,9,6,2,2,2,0,3.9,2.3,2.1,4.4,33,38,100,0.73,0.09,0.82,0.55,0.64,0.36,0.19,0.54,0.21,0.4
2425,Brentford,Christian Nørgaard,DEN,MF,30-250,1994,9,9,775,8.6,1,1,2,1,0,0,2,0,1.3,1.3,0.3,1.5,5,35,12,0.12,0.12,0.23,0.12,0.23,0.15,0.03,0.18,0.15,0.18
2425,Brentford,Ethan Pinnock,JAM,DF,31-170,1993,11,11,990,11.0,2,0,2,2,0,0,1,0,0.8,0.8,0.6,1.4,1,26,4,0.18,0.0,0.18,0.18,0.18,0.08,0.05,0.13,0.08,0.13
2425,Brentford,Fabio Carvalho,POR,"FW,MF",22-077,2002,11,2,290,3.2,1,1,2,1,0,0,1,0,1.5,1.5,0.5,2.0,5,7,13,0.31,0.31,0.62,0.31,0.62,0.46,0.16,0.63,0.46,0.63
2425,Brentford,Frank Onyeka,NGA,MF,26-319,1998,2,0,25,0.3,0,0,0,0,0,0,0,0,0.0,0.0,0.0,0.0,0,1,0,0.0,0.0,0.0,0.0,0.0,0.0,0.0,0.0,0.0,0.0
2425,Brentford,Keane Lewis-Potter,ENG,"FW,DF",23-267,2001,11,9,765,8.5,0,1,1,0,0,0,1,0,0.8,0.8,1.0,1.9,24,23,46,0.0,0.12,0.12,0.0,0.12,0.1,0.12,0.22,0.1,0.22
2425,Brentford,Kevin Schade,GER,"FW,MF",22-354,2001,11,5,487,5.4,0,0,0,0,0,0,1,0,1.5,1.5,0.1,1.6,13,7,37,0.0,0.0,0.0,0.0,0.0,0.27,0.02,0.29,0.27,0.29
2425,Brentford,Kristoffer Ajer,NOR,DF,26-212,1998,8,8,636,7.1,0,0,0,0,0,0,3,0,0.3,0.3,0.2,0.5,14,25,12,0.0,0.0,0.0,0.0,0.0,0.04,0.03,0.07,0.04,0.07
2425,Brentford,Mads Roerslev,DEN,DF,25-144,1999,9,4,448,5.0,0,1,1,0,0,0,1,0,0.0,0.0,1.6,1.6,7,29,30,0.0,0.2,0.2,0.0,0.2,0.0,0.32,0.32,0.0,0.32
2425,Brentford,Mark Flekken,NED,GK,31-155,1993,11,11,990,11.0,0,0,0,0,0,0,0,0,0.0,0.0,0.0,0.0,0,0,0,0.0,0.0,0.0,0.0,0.0,0.0,0.0,0.0,0.0,0.0
2425,Brentford,Mathias Jensen,DEN,MF,28-319,1996,6,4,348,3.9,0,1,1,0,0,0,1,0,0.1,0.1,0.8,0.9,4,28,15,0.0,0.26,0.26,0.0,0.26,0.03,0.2,0.23,0.03,0.23
2425,Brentford,Mikkel Damsgaard,DEN,"MF,FW",24-135,2000,11,9,790,8.8,1,3,4,1,0,0,0,0,0.8,0.8,2.8,3.7,21,55,32,0.11,0.34,0.46,0.11,0.46,0.1,0.32,0.42,0.1,0.42
2425,Brentford,Nathan Collins,IRL,DF,23-199,2001,11,11,990,11.0,1,0,1,1,0,0,1,0,1.8,1.8,0.4,2.2,10,40,6,0.09,0.0,0.09,0.09,0.09,0.16,0.04,0.2,0.16,0.2
2425,Brentford,Ryan Trevitt,ENG,MF,21-248,2003,1,0,4,0.0,0,0,0,0,0,0,0,0,0.0,0.0,0.0,0.0,0,0,1,0.0,0.0,0.0,0.0,0.0,0.0,0.0,0.0,0.0,0.0
2425,Brentford,Sepp van den Berg,NED,DF,22-331,2001,9,8,732,8.1,0,0,0,0,0,0,0,0,0.5,0.5,0.1,0.6,3,19,16,0.0,0.0,0.0,0.0,0.0,0.07,0.01,0.08,0.07,0.08
2425,Brentford,Vitaly Janelt,GER,MF,26-189,1998,11,11,902,10.0,1,3,4,1,0,0,1,0,0.4,0.4,1.5,1.9,7,35,18,0.1,0.3,0.4,0.1,0.4,0.04,0.15,0.19,0.04,0.19
2425,Brentford,Yehor Yarmoliuk,UKR,MF,20-259,2004,7,1,144,1.6,0,0,0,0,0,0,1,0,0.2,0.2,0.0,0.3,1,6,5,0.0,0.0,0.0,0.0,0.0,0.14,0.02,0.16,0.14,0.16
2425,Brentford,Yoane Wissa,COD,FW,28-073,1996,8,7,565,6.3,7,1,8,7,0,0,1,0,4.5,4.5,0.3,4.8,8,10,33,1.12,0.16,1.27,1.12,1.27,0.71,0.05,0.76,0.71,0.76
2425,Brentford,Yunus Emre Konak,TUR,"MF,FW",18-310,2006,4,0,20,0.2,0,0,0,0,0,0,0,0,0.2,0.2,0.0,0.2,1,2,1,0.0,0.0,0.0,0.0,0.0,0.69,0.0,0.69,0.69,0.69
2425,Brighton,Adam Webster,ENG,DF,29-316,1995,3,2,79,0.9,0,0,0,0,0,0,0,0,0.0,0.0,0.0,0.0,0,10,1,0.0,0.0,0.0,0.0,0.0,0.0,0.0,0.0,0.0,0.0
2425,Brighton,Bart Verbruggen,NED,GK,22-089,2002,9,9,810,9.0,0,0,0,0,0,0,2,0,0.0,0.0,0.0,0.0,0,0,0,0.0,0.0,0.0,0.0,0.0,0.0,0.0,0.0,0.0,0.0
2425,Brighton,Billy Gilmour,SCO,MF,23-157,2001,2,1,98,1.1,0,0,0,0,0,0,0,0,0.1,0.1,0.0,0.1,2,11,2,0.0,0.0,0.0,0.0,0.0,0.07,0.0,0.07,0.07,0.07
2425,Brighton,Brajan Gruda,GER,MF,20-168,2004,4,0,63,0.7,0,0,0,0,0,0,0,0,0.0,0.0,0.1,0.1,3,0,6,0.0,0.0,0.0,0.0,0.0,0.0,0.16,0.16,0.0,0.16
2425,Brighton,Carlos Baleba,CMR,MF,20-317,2004,9,7,617,6.9,1,1,2,1,0,0,1,0,0.9,0.9,0.5,1.4,9,37,4,0.15,0.15,0.29,0.15,0.29,0.13,0.07,0.21,0.13,0.21
2425,Brighton,Danny Welbeck,ENG,FW,33-355,1990,11,11,929,10.3,6,2,8,6,0,0,1,0,5.1,5.1,0.5,5.6,8,23,41,0.58,0.19,0.78,0.58,0.78,0.49,0.05,0.54,0.49,0.54
2425,Brighton,Evan Ferguson,IRL,FW,20-027,2004,6,1,105,1.2,1,0,1,1,0,0,0,0,0.2,0.2,0.0,0.2,1,1,3,0.86,0.0,0.86,0.86,0.86,0.13,0.0,0.13,0.13,0.13
2425,Brighton,Ferdi Kadioglu,TUR,"DF,MF",25-039,1999,6,5,385,4.3,1,0,1,1,0,0,1,0,0.4,0.4,0.2,0.6,1,15,27,0.23,0.0,0.23,0.23,0.23,0.1,0.04,0.14,0.1,0.14
2425,Brighton,Georginio Rutter,FRA,"FW,MF",22-209,2002,10,8,603,6.7,2,2,4,2,0,0,1,0,2.0,2.0,1.3,3.3,15,36,38,0.3,0.3,0.6,0.3,0.6,0.3,0.2,0.49,0.3,0.49
2425,Brighton,Igor,BRA,DF,26-282,1998,6,4,476,5.3,0,0,0,0,0,0,3,0,0.0,0.0,0.0,0.0,7,20,0,0.0,0.0,0.0,0.0,0.0,0.01,0.0,0.01,0.01,0.01
2425,Brighton,Jack Hinshelwood,ENG,"MF,DF",19-218,2005,10,10,840,9.3,1,0,1,1,0,0,2,0,0.7,0.7,0.3,1.0,10,31,27,0.11,0.0,0.11,0.11,0.11,0.08,0.03,0.11,0.08,0.11
2425,Brighton,Jakub Moder,POL,MF,25-222,1999,2,0,5,0.1,0,0,0,0,0,0,0,0,0.0,0.0,0.0,0.0,2,3,0,0.0,0.0,0.0,0.0,0.0,0.0,0.12,0.12,0.0,0.12
2425,Brighton,James Milner,ENG,MF,38-316,1986,3,3,169,1.9,0,0,0,0,0,0,1,0,0.2,0.2,0.2,0.4,1,10,10,0.0,0.0,0.0,0.0,0.0,0.09,0.12,0.21,0.09,0.21
2425,Brighton,Jan Paul van Hecke,NED,DF,24-160,2000,9,8,729,8.1,0,1,1,0,0,0,2,0,0.1,0.1,0.4,0.5,9,67,0,0.0,0.12,0.12,0.0,0.12,0.01,0.06,0.07,0.01,0.07
2425,Brighton,Jason Steele,ENG,GK,34-089,1990,2,2,180,2.0,0,0,0,0,0,0,0,0,0.0,0.0,0.0,0.0,0,0,0,0.0,0.0,0.0,0.0,0.0,0.0,0.0,0.0,0.0,0.0
2425,Brighton,Jeremy Sarmiento,ECU,MF,22-152,2002,1,0,9,0.1,0,0,0,0,0,0,0,0,0.0,0.0,0.0,0.0,0,0,2,0.0,0.0,0.0,0.0,0.0,0.0,0.0,0.0,0.0,0.0
2425,Brighton,João Pedro,BRA,"MF,FW",23-050,2001,5,3,307,3.4,3,1,4,3,0,0,1,0,1.4,1.4,0.7,2.1,15,16,17,0.88,0.29,1.17,0.88,1.17,0.4,0.22,0.62,0.4,0.62
2425,Brighton,Joël Veltman,NED,DF,32-305,1992,10,10,866,9.6,0,0,0,0,0,0,1,0,0.1,0.1,0.3,0.3,18,33,17,0.0,0.0,0.0,0.0,0.0,0.01,0.03,0.03,0.01,0.03
2425,Brighton,Julio Enciso,PAR,"MF,FW",20-297,2004,7,0,91,1.0,0,0,0,0,0,0,0,0,0.2,0.2,0.2,0.4,4,5,7,0.0,0.0,0.0,0.0,0.0,0.17,0.2,0.37,0.17,0.37
2425,Brighton,Kaoru Mitoma,JPN,"FW,MF",27-179,1997,11,10,915,10.2,1,2,3,1,0,0,0,0,2.6,2.6,2.7,5.2,59,33,118,0.1,0.2,0.3,0.1,0.3,0.25,0.26,0.52,0.25,0.52
2425,Brighton,Lewis Dunk,ENG,DF,32-360,1991,8,8,705,7.8,0,0,0,0,0,0,2,0,0.2,0.2,0.4,0.7,8,56,1,0.0,0.0,0.0,0.0,0.0,0.03,0.05,0.09,0.03,0.09
2425,Brighton,Mats Wieffer,NED,MF,24-365,1999,7,2,237,2.6,0,1,1,0,0,0,0,0,0.2,0.2,0.1,0.3,4,18,4,0.0,0.38,0.38,0.0,0.38,0.06,0.05,0.12,0.06,0.12
2425,Brighton,Matt O'Riley,DEN,MF,23-360,2000,1,0,34,0.4,1,0,1,1,0,0,0,0,0.5,0.5,0.0,0.5,0,0,2,2.65,0.0,2.65,2.65,2.65,1.37,0.0,1.37,1.37,1.37
2425,Brighton,Pervis Estupiñán,ECU,DF,26-299,1998,8,5,524,5.8,0,0,0,0,0,0,2,0,0.2,0.2,0.8,1.0,15,32,36,0.0,0.0,0.0,0.0,0.0,0.04,0.13,0.17,0.04,0.17
2425,Brighton,Simon Adingra,CIV,"FW,MF",22-319,2002,7,2,205,2.3,1,1,2,1,0,0,0,0,0.3,0.3,0.5,0.8,7,4,44,0.44,0.44,0.88,0.44,0.88,0.14,0.21,0.35,0.14,0.35
2425,Brighton,Tariq Lamptey,GHA,DF,24-046,2000,1,0,11,0.1,0,1,1,0,0,0,0,0,0.0,0.0,0.1,0.1,1,0,1,0.0,8.18,8.18,0.0,8.18,0.0,0.62,0.62,0.0,0.62
2425,Brighton,Yankuba Minteh,GAM,"FW,MF",20-116,2004,7,5,406,4.5,1,1,2,1,0,0,2,0,0.8,0.8,1.5,2.3,17,12,54,0.22,0.22,0.44,0.22,0.44,0.18,0.34,0.52,0.18,0.52
2425,Brighton,Yasin Ayari,SWE,MF,21-040,2003,9,5,492,5.5,0,0,0,0,0,0,2,0,0.6,0.6,0.8,1.4,9,20,27,0.0,0.0,0.0,0.0,0.0,0.11,0.14,0.25,0.11,0.25
2425,Chelsea,Axel Disasi,FRA,DF,26-249,1998,2,1,94,1.0,0,0,0,0,0,0,0,0,0.0,0.0,0.0,0.0,1,5,0,0.0,0.0,0.0,0.0,0.0,0.0,0.0,0.0,0.0,0.0
2425,Chelsea,Benoît Badiashile,FRA,DF,23-234,2001,1,0,38,0.4,0,0,0,0,0,0,0,0,0.0,0.0,0.0,0.0,1,3,1,0.0,0.0,0.0,0.0,0.0,0.0,0.0,0.0,0.0,0.0
2425,Chelsea,Christopher Nkunku,FRA,FW,27-001,1997,10,1,162,1.8,1,0,1,1,0,0,1,0,1.7,1.7,0.3,2.0,5,7,18,0.56,0.0,0.56,0.56,0.56,0.95,0.16,1.11,0.95,1.11
2425,Chelsea,Cole Palmer,ENG,"MF,FW",22-193,2002,11,11,955,10.6,7,5,12,6,1,1,3,0,5.2,4.4,4.8,9.2,37,63,48,0.66,0.47,1.13,0.57,1.04,0.49,0.45,0.94,0.41,0.86
2425,Chelsea,Enzo Fernández,ARG,MF,23-303,2001,10,6,612,6.8,0,1,1,0,0,0,1,0,0.4,0.4,1.2,1.6,8,35,19,0.0,0.15,0.15,0.0,0.15,0.06,0.17,0.23,0.06,0.23
2425,Chelsea,Jadon Sancho,ENG,FW,24-235,2000,5,4,305,3.4,0,3,3,0,0,0,1,0,0.1,0.1,1.1,1.2,17,17,38,0.0,0.89,0.89,0.0,0.89,0.02,0.33,0.35,0.02,0.35
2425,Chelsea,João Félix,POR,"MF,FW",25-005,1999,5,0,122,1.4,1,0,1,1,0,0,1,0,0.7,0.7,0.0,0.7,7,8,11,0.74,0.0,0.74,0.74,0.74,0.51,0.02,0.52,0.51,0.52
2425,Chelsea,Kiernan Dewsbury-Hall,ENG,MF,26-070,1998,3,0,46,0.5,0,0,0,0,0,0,0,0,0.0,0.0,0.1,0.1,3,2,1,0.0,0.0,0.0,0.0,0.0,0.0,0.18,0.18,0.0,0.18
2425,Chelsea,Levi Colwill,ENG,DF,21-263,2003,11,11,989,11.0,0,0,0,0,0,0,3,0,0.2,0.2,0.6,0.8,3,40,0,0.0,0.0,0.0,0.0,0.0,0.02,0.06,0.07,0.02,0.07
2425,Chelsea,Malo Gusto,FRA,DF,21-180,2003,9,9,726,8.1,0,0,0,0,0,0,2,0,1.1,1.1,0.2,1.3,13,40,34,0.0,0.0,0.0,0.0,0.0,0.14,0.02,0.16,0.14,0.16
2425,Chelsea,Marc Cucurella,ESP,DF,26-116,1998,10,8,738,8.2,0,0,0,0,0,0,6,0,0.0,0.0,0.2,0.2,10,23,17,0.0,0.0,0.0,0.0,0.0,0.01,0.02,0.03,0.01,0.03
2425,Chelsea,Marc Guiu,ESP,FW,18-316,2006,1,0,24,0.3,0,0,0,0,0,0,0,0,0.0,0.0,0.0,0.0,0,0,0,0.0,0.0,0.0,0.0,0.0,0.0,0.0,0.0,0.0,0.0
2425,Chelsea,Moisés Caicedo,ECU,MF,23-013,2001,11,11,975,10.8,1,2,3,1,0,0,2,0,0.3,0.3,1.6,1.9,9,54,13,0.09,0.18,0.28,0.09,0.28,0.02,0.15,0.17,0.02,0.17
2425,Chelsea,Mykhailo Mudryk,UKR,FW,23-315,2001,7,1,151,1.7,0,0,0,0,0,0,0,0,0.3,0.3,1.0,1.2,7,5,12,0.0,0.0,0.0,0.0,0.0,0.15,0.58,0.73,0.15,0.73
2425,Chelsea,Nicolas Jackson,SEN,FW,23-148,2001,11,11,866,9.6,6,3,9,6,0,0,4,0,6.2,6.2,1.4,7.6,19,15,34,0.62,0.31,0.94,0.62,0.94,0.65,0.14,0.79,0.65,0.79
2425,Chelsea,Noni Madueke,ENG,FW,22-250,2002,10,10,754,8.4,4,0,4,4,0,0,2,0,2.8,2.8,1.6,4.4,53,27,74,0.48,0.0,0.48,0.48,0.48,0.34,0.19,0.53,0.34,0.53
2425,Chelsea,Pedro Neto,POR,FW,24-251,2000,11,5,558,6.2,1,2,3,1,0,0,4,0,0.4,0.4,2.2,2.6,36,9,63,0.16,0.32,0.48,0.16,0.48,0.07,0.36,0.43,0.07,0.43
2425,Chelsea,Reece James,ENG,DF,24-343,1999,4,3,241,2.7,0,0,0,0,0,0,0,0,0.0,0.0,0.0,0.0,0,8,1,0.0,0.0,0.0,0.0,0.0,0.0,0.0,0.0,0.0,0.0
2425,Chelsea,Renato Veiga,POR,"DF,MF",21-109,2003,5,1,168,1.9,0,0,0,0,0,0,2,0,0.2,0.2,0.0,0.2,4,7,2,0.0,0.0,0.0,0.0,0.0,0.08,0.0,0.08,0.08,0.08
2425,Chelsea,Robert Sánchez,ESP,GK,26-363,1997,11,11,990,11.0,0,0,0,0,0,0,2,0,0.0,0.0,0.0,0.0,0,1,0,0.0,0.0,0.0,0.0,0.0,0.0,0.0,0.0,0.0,0.0
2425,Chelsea,Roméo Lavia,BEL,MF,20-314,2004,6,5,337,3.7,0,1,1,0,0,0,1,0,0.0,0.0,0.6,0.6,2,11,5,0.0,0.27,0.27,0.0,0.27,0.0,0.16,0.16,0.0,0.16
2425,Chelsea,Tosin Adarabioyo,ENG,DF,27-052,1997,4,2,173,1.9,0,0,0,0,0,0,1,0,0.0,0.0,0.0,0.0,0,2,0,0.0,0.0,0.0,0.0,0.0,0.0,0.01,0.01,0.0,0.01
2425,Chelsea,Wesley Fofana,FRA,DF,23-334,2000,10,10,866,9.6,0,0,0,0,0,0,6,0,0.4,0.4,0.4,0.8,9,18,4,0.0,0.0,0.0,0.0,0.0,0.04,0.04,0.08,0.04,0.08
2425,Crystal Palace,Adam Wharton,ENG,MF,20-166,2004,8,8,622,6.9,0,0,0,0,0,0,0,0,0.2,0.2,0.6,0.8,6,61,6,0.0,0.0,0.0,0.0,0.0,0.03,0.09,0.12,0.03,0.12
2425,Crystal Palace,Asher Agbinone,ENG,MF,19-048,2005,2,0,6,0.1,0,0,0,0,0,0,0,0,0.0,0.0,0.0,0.1,2,0,1,0.0,0.0,0.0,0.0,0.0,0.29,0.5,0.79,0.29,0.79
2425,Crystal Palace,Caleb Kporha,ENG,DF,18-123,2006,1,0,3,0.0,0,0,0,0,0,0,0,0,0.0,0.0,0.0,0.0,1,0,0,0.0,0.0,0.0,0.0,0.0,0.0,0.0,0.0,0.0,0.0
2425,Crystal Palace,Chadi Riad,MAR,DF,21-151,2003,1,1,90,1.0,0,0,0,0,0,0,0,0,0.0,0.0,0.0,0.0,2,7,0,0.0,0.0,0.0,0.0,0.0,0.0,0.0,0.0,0.0,0.0
2425,Crystal Palace,Cheick Doucouré,MLI,MF,24-312,2000,5,1,133,1.5,0,0,0,0,0,0,0,0,0.1,0.1,0.0,0.1,1,7,0,0.0,0.0,0.0,0.0,0.0,0.04,0.0,0.04,0.04,0.04
2425,Crystal Palace,Chris Richards,USA,DF,24-232,2000,4,4,344,3.8,0,0,0,0,0,0,1,0,0.1,0.1,0.0,0.1,2,5,1,0.0,0.0,0.0,0.0,0.0,0.03,0.0,0.03,0.03,0.03
2425,Crystal Palace,Daichi Kamada,JPN,MF,28-102,1996,11,7,620,6.9,0,0,0,0,0,0,2,1,0.6,0.6,0.6,1.2,13,39,29,0.0,0.0,0.0,0.0,0.0,0.08,0.09,0.17,0.08,0.17
2425,Crystal Palace,Daniel Muñoz,COL,"DF,MF",28-173,1996,11,11,903,10.0,0,1,1,0,0,0,4,0,1.3,1.3,1.5,2.8,16,26,71,0.0,0.1,0.1,0.0,0.1,0.13,0.15,0.27,0.13,0.27
2425,Crystal Palace,Dean Henderson,ENG,GK,27-248,1997,11,11,990,11.0,0,0,0,0,0,0,1,0,0.0,0.0,0.0,0.0,0,0,0,0.0,0.0,0.0,0.0,0.0,0.0,0.0,0.0,0.0,0.0
2425,Crystal Palace,Eberechi Eze,ENG,"MF,FW",26-139,1998,9,9,809,9.0,1,1,2,1,0,0,0,0,3.0,3.0,1.0,4.0,27,45,58,0.11,0.11,0.22,0.11,0.22,0.33,0.11,0.45,0.33,0.45
2425,Crystal Palace,Eddie Nketiah,ENG,"MF,FW",25-169,1999,7,6,489,5.4,0,0,0,0,0,0,1,0,0.9,0.9,0.7,1.6,21,8,38,0.0,0.0,0.0,0.0,0.0,0.17,0.13,0.3,0.17,0.3
2425,Crystal Palace,Ismaila Sarr,SEN,"MF,FW",26-264,1998,11,4,482,5.4,0,0,0,0,0,0,1,0,1.1,1.1,1.5,2.6,13,9,38,0.0,0.0,0.0,0.0,0.0,0.21,0.28,0.49,0.21,0.49
2425,Crystal Palace,Jean-Philippe Mateta,FRA,FW,27-140,1997,11,9,754,8.4,3,0,3,2,1,1,1,0,3.1,2.3,0.8,3.1,5,15,29,0.36,0.0,0.36,0.24,0.24,0.37,0.1,0.47,0.27,0.37
2425,Crystal Palace,Jefferson Lerma,COL,"MF,DF",30-021,1994,7,5,415,4.6,0,0,0,0,0,0,3,0,0.1,0.1,0.8,0.9,2,26,11,0.0,0.0,0.0,0.0,0.0,0.02,0.18,0.2,0.02,0.2
2425,Crystal Palace,Jeffrey Schlupp,GHA,"MF,DF",31-328,1992,8,0,68,0.8,0,0,0,0,0,0,0,0,0.1,0.1,0.1,0.2,2,3,7,0.0,0.0,0.0,0.0,0.0,0.11,0.14,0.25,0.11,0.25
2425,Crystal Palace,Joachim Andersen,DEN,DF,28-168,1996,1,1,90,1.0,0,0,0,0,0,0,1,0,0.0,0.0,0.0,0.0,1,4,1,0.0,0.0,0.0,0.0,0.0,0.04,0.0,0.04,0.04,0.04
2425,Crystal Palace,Jordan Ayew,GHA,"FW,MF",33-065,1991,1,0,21,0.2,0,0,0,0,0,0,1,0,0.5,0.5,0.0,0.5,0,0,1,0.0,0.0,0.0,0.0,0.0,1.96,0.21,2.17,1.96,2.17
2425,Crystal Palace,Justin Devenny,NIR,MF,21-035,2003,1,1,73,0.8,0,0,0,0,0,0,0,0,0.1,0.1,0.2,0.3,2,2,0,0.0,0.0,0.0,0.0,0.0,0.13,0.27,0.4,0.13,0.4
2425,Crystal Palace,Marc Guéhi,ENG,DF,24-125,2000,11,11,990,11.0,2,0,2,2,0,0,1,0,1.1,1.1,0.1,1.2,5,47,1,0.18,0.0,0.18,0.18,0.18,0.1,0.01,0.11,0.1,0.11
2425,Crystal Palace,Maxence Lacroix,FRA,DF,24-223,2000,8,8,720,8.0,0,1,1,0,0,0,3,0,0.3,0.3,0.3,0.6,2,18,0,0.0,0.12,0.12,0.0,0.12,0.03,0.04,0.07,0.03,0.07
2425,Crystal Palace,Nathaniel Clyne,ENG,"DF,MF",33-224,1991,5,3,295,3.3,0,0,0,0,0,0,0,0,0.0,0.0,0.0,0.0,2,6,5,0.0,0.0,0.0,0.0,0.0,0.0,0.0,0.0,0.0,0.0
2425,Crystal Palace,Odsonne Édouard,FRA,"MF,FW",26-304,1998,2,1,115,1.3,0,0,0,0,0,0,0,0,0.4,0.4,0.0,0.4,2,4,7,0.0,0.0,0.0,0.0,0.0,0.31,0.04,0.34,0.31,0.34
2425,Crystal Palace,Trevoh Chalobah,ENG,DF,25-133,1999,5,5,447,5.0,1,0,1,1,0,0,0,0,0.4,0.4,0.3,0.6,4,12,3,0.2,0.0,0.2,0.2,0.2,0.08,0.05,0.13,0.08,0.13
2425,Crystal Palace,Tyrick Mitchell,ENG,"DF,MF",25-075,1999,11,11,940,10.4,0,1,1,0,0,0,0,0,0.3,0.3,1.8,2.1,21,27,74,0.0,0.1,0.1,0.0,0.1,0.03,0.17,0.2,0.03,0.2
2425,Crystal Palace,Will Hughes,ENG,MF,29-212,1995,9,4,456,5.1,0,0,0,0,0,0,5,0,0.4,0.4,0.2,0.6,9,26,12,0.0,0.0,0.0,0.0,0.0,0.07,0.05,0.12,0.07,0.12
2425,Everton,Abdoulaye Doucouré,MLI,MF,31-319,1993,9,8,650,7.2,0,0,0,0,0,0,0,0,0.5,0.5,0.3,0.8,8,24,18,0.0,0.0,0.0,0.0,0.0,0.06,0.05,0.11,0.06,0.11
2425,Everton,Ashley Young,ENG,DF,39-129,1985,9,9,785,8.7,0,3,3,0,0,0,2,1,0.1,0.1,0.9,1.0,8,53,6,0.0,0.34,0.34,0.0,0.34,0.01,0.1,0.11,0.01,0.11
2425,Everton,Beto,GNB,FW,26-289,1998,7,0,102,1.1,1,0,1,1,0,0,0,0,1.1,1.1,0.0,1.1,3,1,3,0.88,0.0,0.88,0.88,0.88,0.95,0.0,0.95,0.95,0.95
2425,Everton,Dominic Calvert-Lewin,ENG,FW,27-244,1997,11,11,898,10.0,2,1,3,2,0,0,1,0,3.7,3.7,0.4,4.1,11,11,65,0.2,0.1,0.3,0.2,0.3,0.37,0.04,0.41,0.37,0.41
2425,Everton,Dwight McNeil,ENG,"MF,FW",24-359,1999,10,10,887,9.9,3,3,6,3,0,0,1,0,0.7,0.7,2.9,3.6,20,45,44,0.3,0.3,0.61,0.3,0.61,0.07,0.3,0.37,0.07,0.37
2425,Everton,Harrison Armstrong,ENG,MF,17-301,2007,1,0,1,0.0,0,0,0,0,0,0,0,0,0.0,0.0,0.0,0.0,0,0,0,0.0,0.0,0.0,0.0,0.0,0.0,0.0,0.0,0.0,0.0
2425,Everton,Idrissa Gana Gueye,SEN,MF,35-050,1989,10,8,734,8.2,0,0,0,0,0,0,1,0,0.7,0.7,0.4,1.1,8,37,5,0.0,0.0,0.0,0.0,0.0,0.08,0.05,0.13,0.08,0.13
2425,Everton,Iliman Ndiaye,SEN,FW,24-254,2000,11,9,806,9.0,2,0,2,2,0,0,1,0,0.9,0.9,0.4,1.3,37,18,41,0.22,0.0,0.22,0.22,0.22,0.1,0.05,0.15,0.1,0.15
2425,Everton,Jack Harrison,ENG,FW,27-361,1996,11,7,626,7.0,0,0,0,0,0,0,0,0,1.2,1.2,1.5,2.7,17,13,48,0.0,0.0,0.0,0.0,0.0,0.17,0.22,0.39,0.17,0.39
2425,Everton,Jake O'Brien,IRL,DF,23-184,2001,1,0,27,0.3,0,0,0,0,0,0,1,0,0.0,0.0,0.0,0.0,0,1,0,0.0,0.0,0.0,0.0,0.0,0.0,0.0,0.0,0.0,0.0
2425,Everton,James Garner,ENG,"DF,MF",23-247,2001,4,2,253,2.8,0,0,0,0,0,0,1,0,0.0,0.0,0.0,0.1,1,3,4,0.0,0.0,0.0,0.0,0.0,0.02,0.01,0.02,0.02,0.02
2425,Everton,James Tarkowski,ENG,DF,31-362,1992,11,11,990,11.0,0,0,0,0,0,0,3,0,0.7,0.7,1.2,1.9,2,17,1,0.0,0.0,0.0,0.0,0.0,0.06,0.11,0.17,0.06,0.17
2425,Everton,Jarrad Branthwaite,ENG,DF,22-141,2002,4,2,188,2.1,0,0,0,0,0,0,0,0,0.0,0.0,0.0,0.0,1,2,1,0.0,0.0,0.0,0.0,0.0,0.0,0.0,0.0,0.0,0.0
2425,Everton,Jesper Lindstrøm,DEN,FW,24-260,2000,7,4,349,3.9,0,0,0,0,0,0,0,0,1.1,1.1,0.7,1.8,9,4,26,0.0,0.0,0.0,0.0,0.0,0.27,0.19,0.46,0.27,0.46
2425,Everton,Jordan Pickford,ENG,GK,30-253,1994,11,11,990,11.0,0,0,0,0,0,0,1,0,0.0,0.0,0.0,0.0,0,0,0,0.0,0.0,0.0,0.0,0.0,0.0,0.0,0.0,0.0,0.0
2425,Everton,Mason Holgate,ENG,"FW,DF",28-024,1996,1,0,6,0.1,0,0,0,0,0,0,0,0,0.0,0.0,0.0,0.0,0,0,0,0.0,0.0,0.0,0.0,0.0,0.0,0.0,0.0,0.0,0.0
2425,Everton,Michael Keane,ENG,DF,31-309,1993,9,9,810,9.0,2,0,2,2,0,0,4,0,0.4,0.4,0.1,0.5,1,12,3,0.22,0.0,0.22,0.22,0.22,0.05,0.01,0.06,0.05,0.06
2425,Everton,Orel Mangala,BEL,MF,26-242,1998,8,5,455,5.1,0,0,0,0,0,0,0,0,0.3,0.3,0.4,0.7,3,17,5,0.0,0.0,0.0,0.0,0.0,0.06,0.08,0.14,0.06,0.14
2425,Everton,Roman Dixon,ENG,DF,19-325,2004,1,1,90,1.0,0,0,0,0,0,0,0,0,0.0,0.0,0.0,0.0,0,0,1,0.0,0.0,0.0,0.0,0.0,0.0,0.0,0.0,0.0,0.0
2425,Everton,Séamus Coleman,IRL,DF,36-035,1988,1,1,90,1.0,0,0,0,0,0,0,0,0,0.6,0.6,0.0,0.6,0,6,2,0.0,0.0,0.0,0.0,0.0,0.57,0.0,0.57,0.57,0.57
2425,Everton,Tim Iroegbunam,ENG,MF,21-138,2003,6,4,383,4.3,0,0,0,0,0,0,2,0,0.2,0.2,0.1,0.3,5,10,7,0.0,0.0,0.0,0.0,0.0,0.05,0.02,0.07,0.05,0.07
2425,Everton,Vitaliy Mykolenko,UKR,DF,25-170,1999,9,9,745,8.3,0,0,0,0,0,0,0,0,0.1,0.1,0.3,0.3,7,28,20,0.0,0.0,0.0,0.0,0.0,0.01,0.03,0.04,0.01,0.04
2425,Fulham,Adama Traoré,ESP,"FW,MF",28-295,1996,11,9,718,8.0,1,3,4,1,0,0,2,0,2.8,2.8,2.2,5.0,42,26,60,0.13,0.38,0.5,0.13,0.5,0.35,0.28,0.62,0.35,0.62
2425,Fulham,Alex Iwobi,NGA,FW,28-196,1996,11,11,944,10.5,2,2,4,2,0,0,1,0,1.1,1.1,3.2,4.3,40,73,87,0.19,0.19,0.38,0.19,0.38,0.11,0.31,0.41,0.11,0.41
2425,Fulham,Andreas Pereira,BRA,MF,28-319,1996,11,11,834,9.3,1,0,1,1,0,1,2,0,2.5,1.7,1.8,3.5,6,52,35,0.11,0.0,0.11,0.11,0.11,0.27,0.19,0.46,0.19,0.37
2425,Fulham,Antonee Robinson,USA,DF,27-099,1997,11,11,990,11.0,0,3,3,0,0,0,1,0,0.2,0.2,0.9,1.1,28,36,77,0.0,0.27,0.27,0.0,0.27,0.02,0.08,0.1,0.02,0.1
2425,Fulham,Bernd Leno,GER,GK,32-256,1992,11,11,990,11.0,0,1,1,0,0,0,2,0,0.0,0.0,0.1,0.1,0,0,0,0.0,0.09,0.09,0.0,0.09,0.0,0.01,0.01,0.0,0.01
2425,Fulham,Calvin Bassey,NGA,DF,24-320,1999,11,11,990,11.0,0,0,0,0,0,0,3,0,0.2,0.2,0.0,0.2,7,30,4,0.0,0.0,0.0,0.0,0.0,0.02,0.0,0.02,0.02,0.02
2425,Fulham,Emile Smith Rowe,ENG,MF,24-110,2000,11,10,796,8.8,3,2,5,3,0,0,1,0,2.2,2.2,0.8,2.9,30,59,51,0.34,0.23,0.57,0.34,0.57,0.25,0.09,0.33,0.25,0.33
2425,Fulham,Harrison Reed,ENG,MF,29-293,1995,8,0,61,0.7,0,0,0,0,0,0,2,0,0.0,0.0,0.1,0.1,1,3,7,0.0,0.0,0.0,0.0,0.0,0.02,0.11,0.13,0.02,0.13
2425,Fulham,Harry Wilson,WAL,"FW,MF",27-238,1997,7,0,80,0.9,3,0,3,3,0,0,2,0,0.7,0.7,0.0,0.7,3,5,12,3.38,0.0,3.38,3.38,3.38,0.79,0.0,0.79,0.79,0.79
2425,Fulham,Issa Diop,FRA,DF,27-311,1997,7,4,393,4.4,0,0,0,0,0,0,1,0,0.3,0.3,0.1,0.3,0,12,1,0.0,0.0,0.0,0.0,0.0,0.06,0.02,0.08,0.06,0.08
2425,Fulham,Jay Stansfield,ENG,MF,21-357,2002,1,0,1,0.0,0,0,0,0,0,0,0,0,0.0,0.0,0.0,0.0,0,0,0,0.0,0.0,0.0,0.0,0.0,0.0,0.0,0.0,0.0,0.0
2425,Fulham,Joachim Andersen,DEN,DF,28-168,1996,7,7,603,6.7,0,0,0,0,0,0,0,1,0.2,0.2,0.2,0.5,3,27,0,0.0,0.0,0.0,0.0,0.0,0.04,0.03,0.07,0.04,0.07
2425,Fulham,Jorge Cuenca,ESP,DF,24-364,1999,1,0,1,0.0,0,0,0,0,0,0,0,0,0.0,0.0,0.0,0.0,0,1,0,0.0,0.0,0.0,0.0,0.0,0.0,0.0,0.0,0.0,0.0
2425,Fulham,Kenny Tete,NED,DF,29-037,1995,11,11,958,10.6,0,0,0,0,0,0,2,0,0.9,0.9,0.3,1.3,30,31,34,0.0,0.0,0.0,0.0,0.0,0.09,0.03,0.12,0.09,0.12
2425,Fulham,Raúl Jiménez,MEX,FW,33-194,1991,11,8,664,7.4,4,2,6,3,1,1,0,0,3.6,2.8,2.2,4.9,5,17,31,0.54,0.27,0.81,0.41,0.68,0.48,0.29,0.78,0.38,0.67
2425,Fulham,Reiss Nelson,ENG,FW,24-341,1999,8,2,286,3.2,1,1,2,1,0,0,1,0,0.9,0.9,0.7,1.6,31,19,43,0.31,0.31,0.63,0.31,0.63,0.29,0.21,0.5,0.29,0.5
2425,Fulham,Rodrigo Muniz,BRA,FW,23-195,2001,10,3,326,3.6,1,1,2,1,0,0,1,0,1.4,1.4,0.5,2.0,2,8,14,0.28,0.28,0.55,0.28,0.55,0.39,0.15,0.54,0.39,0.54
2425,Fulham,Sander Berge,NOR,MF,26-275,1998,9,5,524,5.8,0,0,0,0,0,0,0,0,0.0,0.0,0.3,0.3,4,27,0,0.0,0.0,0.0,0.0,0.0,0.0,0.05,0.05,0.0,0.05
2425,Fulham,Saša Lukić,SRB,MF,28-094,1996,7,7,547,6.1,0,0,0,0,0,0,4,0,0.0,0.0,0.3,0.3,4,28,1,0.0,0.0,0.0,0.0,0.0,0.0,0.05,0.05,0.0,0.05
2425,Fulham,Timothy Castagne,BEL,DF,28-346,1995,2,0,32,0.4,0,0,0,0,0,0,0,0,0.1,0.1,0.0,0.1,0,1,3,0.0,0.0,0.0,0.0,0.0,0.15,0.0,0.15,0.15,0.15
2425,Fulham,Tom Cairney,SCO,MF,33-300,1991,8,0,125,1.4,0,0,0,0,0,0,2,0,0.0,0.0,0.5,0.5,4,16,8,0.0,0.0,0.0,0.0,0.0,0.0,0.34,0.34,0.0,0.34
2425,Ipswich Town,Ali Al Hamadi,IRQ,FW,22-259,2002,3,0,35,0.4,0,0,0,0,0,0,2,0,0.0,0.0,0.0,0.0,0,0,3,0.0,0.0,0.0,0.0,0.0,0.0,0.12,0.12,0.0,0.12
2425,Ipswich Town,Arijanet Muric,KVX,GK,26-008,1998,10,10,900,10.0,0,0,0,0,0,0,1,0,0.0,0.0,0.0,0.0,0,0,0,0.0,0.0,0.0,0.0,0.0,0.0,0.0,0.0,0.0,0.0
2425,Ipswich Town,Axel Tuanzebe,COD,DF,27-001,1997,7,7,602,6.7,0,0,0,0,0,0,2,0,0.2,0.2,0.2,0.4,4,16,2,0.0,0.0,0.0,0.0,0.0,0.03,0.04,0.06,0.03,0.06
2425,Ipswich Town,Ben Johnson,ENG,"DF,FW",24-296,2000,6,4,403,4.5,0,1,1,0,0,0,1,0,0.0,0.0,0.4,0.4,6,12,8,0.0,0.22,0.22,0.0,0.22,0.01,0.09,0.09,0.01,0.09
2425,Ipswich Town,Cameron Burgess,AUS,DF,29-025,1995,4,4,360,4.0,0,0,0,0,0,0,0,0,0.2,0.2,0.0,0.3,2,15,1,0.0,0.0,0.0,0.0,0.0,0.06,0.01,0.07,0.06,0.07
2425,Ipswich Town,Chiedozie Ogbene,IRL,FW,27-198,1997,5,3,238,2.6,0,0,0,0,0,0,0,0,0.0,0.0,0.1,0.1,7,0,15,0.0,0.0,0.0,0.0,0.0,0.0,0.03,0.03,0.0,0.03
2425,Ipswich Town,Christian Walton,ENG,GK,29-006,1995,1,1,90,1.0,0,0,0,0,0,0,0,0,0.0,0.0,0.0,0.0,0,0,0,0.0,0.0,0.0,0.0,0.0,0.0,0.0,0.0,0.0,0.0
2425,Ipswich Town,Conor Chaplin,ENG,"MF,FW",27-273,1997,9,3,281,3.1,0,1,1,0,0,0,1,0,0.3,0.3,0.4,0.7,3,13,10,0.0,0.32,0.32,0.0,0.32,0.1,0.12,0.22,0.1,0.22
2425,Ipswich Town,Conor Townsend,ENG,MF,31-256,1993,1,0,1,0.0,0,0,0,0,0,0,0,0,0.0,0.0,0.0,0.0,0,0,0,0.0,0.0,0.0,0.0,0.0,0.0,1.6,1.6,0.0,1.6
2425,Ipswich Town,Dara O'Shea,IRL,DF,25-256,1999,8,8,692,7.7,0,0,0,0,0,0,1,0,0.5,0.5,0.0,0.5,1,20,0,0.0,0.0,0.0,0.0,0.0,0.07,0.0,0.07,0.07,0.07
2425,Ipswich Town,George Edmundson,ENG,DF,27-076,1997,1,0,2,0.0,0,0,0,0,0,0,0,0,0.0,0.0,0.0,0.0,0,0,0,0.0,0.0,0.0,0.0,0.0,0.0,0.0,0.0,0.0,0.0
2425,Ipswich Town,George Hirst,ENG,FW,25-274,1999,8,1,180,2.0,1,1,2,1,0,0,1,0,0.8,0.8,0.3,1.0,3,7,14,0.5,0.5,1.0,0.5,1.0,0.38,0.13,0.51,0.38,0.51
2425,Ipswich Town,Harry Clarke,ENG,DF,23-258,2001,2,1,96,1.1,0,0,0,0,0,0,2,1,0.0,0.0,0.0,0.0,2,6,0,0.0,0.0,0.0,0.0,0.0,0.0,0.0,0.0,0.0,0.0
2425,Ipswich Town,Jack Clarke,ENG,FW,23-358,2000,9,3,358,4.0,0,1,1,0,0,0,1,0,0.6,0.6,0.8,1.3,6,8,18,0.0,0.25,0.25,0.0,0.25,0.14,0.2,0.34,0.14,0.34
2425,Ipswich Town,Jack Taylor,IRL,MF,26-145,1998,6,0,134,1.5,0,0,0,0,0,0,2,0,0.3,0.3,0.0,0.3,2,12,4,0.0,0.0,0.0,0.0,0.0,0.2,0.0,0.2,0.2,0.2
2425,Ipswich Town,Jacob Greaves,ENG,DF,24-064,2000,7,7,630,7.0,0,0,0,0,0,0,1,0,0.4,0.4,0.0,0.4,1,14,2,0.0,0.0,0.0,0.0,0.0,0.06,0.0,0.06,0.06,0.06
2425,Ipswich Town,Jens Cajuste,SWE,MF,25-097,1999,5,3,268,3.0,0,0,0,0,0,0,1,0,0.0,0.0,0.1,0.1,4,5,3,0.0,0.0,0.0,0.0,0.0,0.01,0.03,0.03,0.01,0.03
2425,Ipswich Town,Kalvin Phillips,ENG,MF,28-349,1995,7,7,537,6.0,0,0,0,0,0,0,3,1,0.3,0.3,0.1,0.4,4,27,1,0.0,0.0,0.0,0.0,0.0,0.05,0.02,0.07,0.05,0.07
2425,Ipswich Town,Leif Davis,ENG,DF,24-308,2000,11,11,990,11.0,1,2,3,1,0,0,2,0,0.6,0.6,2.1,2.7,19,25,44,0.09,0.18,0.27,0.09,0.27,0.05,0.19,0.24,0.05,0.24
2425,Ipswich Town,Liam Delap,ENG,FW,21-281,2003,11,10,775,8.6,6,1,7,6,0,0,3,0,2.4,2.4,0.6,3.1,19,9,33,0.7,0.12,0.81,0.7,0.81,0.28,0.08,0.35,0.28,0.35
2425,Ipswich Town,Luke Woolfenden,ENG,DF,26-025,1998,5,4,378,4.2,0,0,0,0,0,0,1,0,0.0,0.0,0.0,0.0,3,9,0,0.0,0.0,0.0,0.0,0.0,0.01,0.0,0.01,0.01,0.01
2425,Ipswich Town,Marcus Harness,ENG,MF,28-265,1996,2,0,45,0.5,0,0,0,0,0,0,0,0,0.0,0.0,0.0,0.0,0,2,1,0.0,0.0,0.0,0.0,0.0,0.0,0.0,0.0,0.0,0.0
2425,Ipswich Town,Massimo Luongo,AUS,MF,32-051,1992,5,2,143,1.6,0,0,0,0,0,0,0,0,0.0,0.0,0.0,0.0,0,4,1,0.0,0.0,0.0,0.0,0.0,0.0,0.0,0.0,0.0,0.0
2425,Ipswich Town,Omari Hutchinson,ENG,"MF,FW",21-016,2003,10,10,874,9.7,0,1,1,0,0,0,4,0,0.7,0.7,1.3,2.0,30,25,53,0.0,0.1,0.1,0.0,0.1,0.07,0.14,0.21,0.07,0.21
2425,Ipswich Town,Sam Morsy,EGY,MF,33-066,1991,10,10,893,9.9,1,1,2,1,0,0,4,0,0.2,0.2,0.3,0.5,4,45,4,0.1,0.1,0.2,0.1,0.2,0.02,0.03,0.05,0.02,0.05
2425,Ipswich Town,Sammie Szmodics,IRL,"FW,MF",29-052,1995,11,7,540,6.0,3,0,3,3,0,0,1,0,2.4,2.4,0.1,2.6,8,11,31,0.5,0.0,0.5,0.5,0.5,0.41,0.02,0.43,0.41,0.43
2425,Ipswich Town,Wes Burns,WAL,FW,29-358,1994,8,5,409,4.5,0,0,0,0,0,0,1,0,0.2,0.2,1.0,1.2,15,2,36,0.0,0.0,0.0,0.0,0.0,0.05,0.22,0.27,0.05,0.27
2425,Leicester City,Abdul Fatawu Issahaku,GHA,FW,20-252,2004,11,6,579,6.4,0,2,2,0,0,0,0,0,0.4,0.4,1.6,2.0,42,17,60,0.0,0.31,0.31,0.0,0.31,0.06,0.24,0.31,0.06,0.31
2425,Leicester City,Bilal El Khannouss,MAR,"MF,FW",20-189,2004,7,2,202,2.2,0,0,0,0,0,0,0,0,0.1,0.1,0.6,0.7,6,16,11,0.0,0.0,0.0,0.0,0.0,0.04,0.26,0.29,0.04,0.29
2425,Leicester City,Bobby Reid,JAM,FW,31-287,1993,6,2,162,1.8,0,0,0,0,0,0,0,0,0.1,0.1,0.1,0.2,5,3,9,0.0,0.0,0.0,0.0,0.0,0.06,0.07,0.13,0.06,0.13
2425,Leicester City,Boubakary Soumaré,FRA,MF,25-262,1999,5,1,142,1.6,0,0,0,0,0,0,2,0,0.0,0.0,0.0,0.1,2,9,2,0.0,0.0,0.0,0.0,0.0,0.03,0.01,0.04,0.03,0.04
2425,Leicester City,Caleb Okoli,ITA,DF,23-125,2001,7,7,628,7.0,0,0,0,0,0,0,1,0,0.1,0.1,0.0,0.1,3,20,1,0.0,0.0,0.0,0.0,0.0,0.02,0.0,0.02,0.02,0.02
2425,Leicester City,Conor Coady,ENG,DF,31-264,1993,1,0,8,0.1,0,0,0,0,0,0,1,0,0.0,0.0,0.0,0.0,0,0,0,0.0,0.0,0.0,0.0,0.0,0.0,0.0,0.0,0.0,0.0
2425,Leicester City,Facundo Buonanotte,ARG,"MF,FW",19-328,2004,10,8,731,8.1,3,2,5,3,0,0,5,0,2.4,2.4,2.2,4.6,21,28,40,0.37,0.25,0.62,0.37,0.62,0.29,0.27,0.57,0.29,0.57
2425,Leicester City,Hamza Choudhury,ENG,MF,27-045,1997,1,0,15,0.2,0,0,0,0,0,0,0,0,0.0,0.0,0.0,0.0,0,0,0,0.0,0.0,0.0,0.0,0.0,0.0,0.0,0.0,0.0,0.0
2425,Leicester City,Harry Winks,ENG,MF,28-287,1996,10,9,855,9.5,0,2,2,0,0,0,3,0,0.2,0.2,1.0,1.2,12,59,8,0.0,0.21,0.21,0.0,0.21,0.02,0.11,0.13,0.02,0.13
2425,Leicester City,James Justin,ENG,DF,26-266,1998,10,10,892,9.9,2,1,3,2,0,0,1,0,0.4,0.4,0.3,0.7,10,26,24,0.2,0.1,0.3,0.2,0.3,0.04,0.03,0.07,0.04,0.07
2425,Leicester City,Jamie Vardy,ENG,FW,37-309,1987,10,10,843,9.4,4,1,5,3,1,1,3,0,3.5,2.7,0.6,3.4,8,8,36,0.43,0.11,0.53,0.32,0.43,0.37,0.07,0.44,0.29,0.36
2425,Leicester City,Jannik Vestergaard,DEN,DF,32-104,1992,4,4,360,4.0,0,0,0,0,0,0,1,0,0.0,0.0,0.0,0.0,1,10,1,0.0,0.0,0.0,0.0,0.0,0.0,0.0,0.01,0.0,0.01
2425,Leicester City,Jordan Ayew,GHA,"FW,MF",33-065,1991,10,5,497,5.5,2,0,2,2,0,0,3,0,1.2,1.2,0.1,1.3,8,11,24,0.36,0.0,0.36,0.36,0.36,0.22,0.02,0.24,0.22,0.24
2425,Leicester City,Kasey McAteer,IRL,"FW,DF",22-359,2001,5,0,40,0.4,0,0,0,0,0,0,0,0,0.0,0.0,0.0,0.0,1,0,5,0.0,0.0,0.0,0.0,0.0,0.1,0.0,0.1,0.1,0.1
2425,Leicester City,Mads Hermansen,DEN,GK,24-127,2000,11,11,990,11.0,0,0,0,0,0,0,0,0,0.0,0.0,0.0,0.0,0,0,0,0.0,0.0,0.0,0.0,0.0,0.0,0.0,0.0,0.0,0.0
2425,Leicester City,Odsonne Édouard,FRA,FW,26-304,1998,4,0,29,0.3,0,0,0,0,0,0,0,0,0.0,0.0,0.0,0.0,0,1,2,0.0,0.0,0.0,0.0,0.0,0.0,0.13,0.13,0.0,0.13
2425,Leicester City,Oliver Skipp,ENG,MF,24-060,2000,6,5,401,4.5,0,0,0,0,0,0,2,0,0.0,0.0,0.1,0.1,6,13,3,0.0,0.0,0.0,0.0,0.0,0.01,0.02,0.03,0.01,0.03
2425,Leicester City,Ricardo Pereira,POR,DF,31-040,1993,2,2,146,1.6,0,0,0,0,0,0,1,0,0.0,0.0,0.0,0.0,1,5,3,0.0,0.0,0.0,0.0,0.0,0.0,0.0,0.0,0.0,0.0
2425,Leicester City,Stephy Mavididi,ENG,FW,26-168,1998,10,7,609,6.8,2,0,2,2,0,0,2,0,1.0,1.0,0.8,1.7,28,25,51,0.3,0.0,0.3,0.3,0.3,0.14,0.12,0.26,0.14,0.26
2425,Leicester City,Victor Bernth Kristiansen,DEN,DF,21-335,2002,10,10,857,9.5,0,0,0,0,0,0,1,0,0.0,0.0,0.4,0.4,14,26,23,0.0,0.0,0.0,0.0,0.0,0.0,0.04,0.04,0.0,0.04
2425,Leicester City,Wilfred Ndidi,NGA,MF,27-335,1996,11,11,914,10.2,0,4,4,0,0,0,3,0,0.8,0.8,1.4,2.2,9,34,47,0.0,0.39,0.39,0.0,0.39,0.08,0.13,0.22,0.08,0.22
2425,Leicester City,Wout Faes,BEL,DF,26-226,1998,11,11,990,11.0,1,0,1,1,0,0,1,0,0.9,0.9,0.0,1.0,4,42,1,0.09,0.0,0.09,0.09,0.09,0.09,0.0,0.09,0.09,0.09
2425,Liverpool,Alexis Mac Allister,ARG,MF,25-327,1998,11,10,777,8.6,0,0,0,0,0,0,4,0,0.3,0.3,1.1,1.4,11,47,27,0.0,0.0,0.0,0.0,0.0,0.04,0.12,0.16,0.04,0.16
2425,Liverpool,Alisson,BRA,GK,32-044,1992,6,6,528,5.9,0,0,0,0,0,0,0,0,0.0,0.0,0.0,0.0,0,0,0,0.0,0.0,0.0,0.0,0.0,0.0,0.0,0.0,0.0,0.0
2425,Liverpool,Andrew Robertson,SCO,DF,30-249,1994,10,9,756,8.4,0,0,0,0,0,0,1,0,0.4,0.4,1.8,2.2,15,42,18,0.0,0.0,0.0,0.0,0.0,0.05,0.22,0.27,0.05,0.27
2425,Liverpool,Caoimhín Kelleher,IRL,GK,25-358,1998,5,5,450,5.0,0,0,0,0,0,0,0,0,0.0,0.0,0.0,0.0,0,0,0,0.0,0.0,0.0,0.0,0.0,0.0,0.0,0.0,0.0,0.0
2425,Liverpool,Cody Gakpo,NED,FW,25-192,1999,11,3,423,4.7,1,1,2,1,0,0,2,0,0.7,0.7,1.0,1.7,11,13,57,0.21,0.21,0.43,0.21,0.43,0.14,0.21,0.36,0.14,0.36
2425,Liverpool,Conor Bradley,NIR,DF,21-129,2003,6,0,146,1.6,0,0,0,0,0,0,0,0,0.2,0.2,0.0,0.2,9,9,5,0.0,0.0,0.0,0.0,0.0,0.14,0.0,0.14,0.14,0.14
2425,Liverpool,Curtis Jones,ENG,MF,23-290,2001,8,4,410,4.6,1,1,2,1,0,0,0,0,1.3,1.3,0.2,1.4,5,23,14,0.22,0.22,0.44,0.22,0.44,0.28,0.03,0.31,0.28,0.31
2425,Liverpool,Darwin Núñez,URU,FW,25-144,1999,8,4,427,4.7,2,1,3,2,0,0,2,0,1.5,1.5,0.5,2.0,9,9,32,0.42,0.21,0.63,0.42,0.63,0.32,0.11,0.43,0.32,0.43
2425,Liverpool,Diogo Jota,POR,FW,27-347,1996,7,7,492,5.5,2,2,4,2,0,0,1,0,2.7,2.7,0.8,3.5,13,6,34,0.37,0.37,0.73,0.37,0.73,0.5,0.14,0.64,0.5,0.64
2425,Liverpool,Dominik Szoboszlai,HUN,MF,24-021,2000,11,8,746,8.3,0,1,1,0,0,0,3,0,1.5,1.5,1.2,2.7,23,34,30,0.0,0.12,0.12,0.0,0.12,0.18,0.15,0.32,0.18,0.32
2425,Liverpool,Federico Chiesa,ITA,FW,27-021,1997,1,0,19,0.2,0,0,0,0,0,0,0,0,0.2,0.2,0.0,0.2,1,0,2,0.0,0.0,0.0,0.0,0.0,0.76,0.0,0.76,0.76,0.76
2425,Liverpool,Harvey Elliott,ENG,FW,21-225,2003,1,0,8,0.1,0,0,0,0,0,0,0,0,0.0,0.0,0.0,0.0,1,0,3,0.0,0.0,0.0,0.0,0.0,0.0,0.0,0.0,0.0,0.0
2425,Liverpool,Ibrahima Konaté,FRA,DF,25-174,1999,11,10,884,9.8,1,1,2,1,0,0,3,0,0.8,0.8,0.2,1.0,4,30,1,0.1,0.1,0.2,0.1,0.2,0.09,0.02,0.11,0.09,0.11
2425,Liverpool,Jarell Quansah,ENG,DF,21-291,2003,1,1,45,0.5,0,0,0,0,0,0,0,0,0.0,0.0,0.0,0.0,0,0,0,0.0,0.0,0.0,0.0,0.0,0.0,0.0,0.0,0.0,0.0
2425,Liverpool,Joe Gomez,ENG,DF,27-176,1997,3,0,57,0.6,0,0,0,0,0,0,0,0,0.3,0.3,0.0,0.3,0,0,0,0.0,0.0,0.0,0.0,0.0,0.47,0.0,0.47,0.47,0.47
2425,Liverpool,Kostas Tsimikas,GRE,DF,28-187,1996,6,2,232,2.6,0,0,0,0,0,0,0,0,0.1,0.1,0.5,0.6,5,28,6,0.0,0.0,0.0,0.0,0.0,0.03,0.2,0.23,0.03,0.23
2425,Liverpool,Luis Díaz,COL,FW,27-307,1997,11,8,648,7.2,5,2,7,5,0,0,0,0,2.8,2.8,1.5,4.3,31,21,65,0.69,0.28,0.97,0.69,0.97,0.39,0.2,0.59,0.39,0.59
2425,Liverpool,Mohamed Salah,EGY,FW,32-153,1992,11,11,963,10.7,8,6,14,6,2,2,0,0,6.5,4.9,3.7,8.7,39,41,122,0.75,0.56,1.31,0.56,1.12,0.61,0.35,0.96,0.46,0.81
2425,Liverpool,Ryan Gravenberch,NED,MF,22-183,2002,11,11,989,11.0,0,0,0,0,0,0,2,0,0.2,0.2,0.4,0.6,23,61,15,0.0,0.0,0.0,0.0,0.0,0.02,0.04,0.06,0.02,0.06
2425,Liverpool,Trent Alexander-Arnold,ENG,DF,26-039,1998,11,11,866,9.6,0,1,1,0,0,0,2,0,0.4,0.4,2.5,2.9,23,54,25,0.0,0.1,0.1,0.0,0.1,0.04,0.26,0.3,0.04,0.3
2425,Liverpool,Virgil van Dijk,NED,DF,33-130,1991,11,11,990,11.0,1,1,2,1,0,0,1,0,0.5,0.5,0.3,0.7,1,44,0,0.09,0.09,0.18,0.09,0.18,0.04,0.03,0.07,0.04,0.07
2425,Liverpool,Vitezslav Jaros,CZE,GK,23-115,2001,1,0,12,0.1,0,0,0,0,0,0,0,0,0.0,0.0,0.0,0.0,0,0,0,0.0,0.0,0.0,0.0,0.0,0.0,0.0,0.0,0.0,0.0
2425,Liverpool,Wataru Endo,JPN,MF,31-280,1993,5,0,22,0.2,0,0,0,0,0,0,0,0,0.0,0.0,0.0,0.0,0,1,0,0.0,0.0,0.0,0.0,0.0,0.0,0.08,0.08,0.0,0.08
2425,Manchester City,Bernardo Silva,POR,"MF,FW",30-097,1994,11,9,836,9.3,0,3,3,0,0,0,2,0,1.4,1.4,2.5,3.9,41,46,88,0.0,0.32,0.32,0.0,0.32,0.15,0.27,0.42,0.15,0.42
2425,Manchester City,Ederson,BRA,GK,31-090,1993,11,11,990,11.0,0,1,1,0,0,0,3,0,0.0,0.0,0.4,0.4,0,1,0,0.0,0.09,0.09,0.0,0.09,0.0,0.03,0.03,0.0,0.03
2425,Manchester City,Erling Haaland,NOR,FW,24-117,2000,11,11,989,11.0,12,0,12,11,1,1,2,0,11.0,10.2,0.5,10.7,9,5,44,1.09,0.0,1.09,1.0,1.0,1.0,0.04,1.05,0.93,0.98
2425,Manchester City,Jack Grealish,ENG,"FW,MF",29-066,1995,7,4,346,3.8,0,1,1,0,0,0,2,0,0.5,0.5,1.0,1.6,46,17,67,0.0,0.26,0.26,0.0,0.26,0.14,0.27,0.41,0.14,0.41
2425,Manchester City,Jahmai Simpson-Pusey,ENG,DF,19-011,2005,1,1,90,1.0,0,0,0,0,0,0,1,0,0.0,0.0,0.0,0.0,1,3,0,0.0,0.0,0.0,0.0,0.0,0.0,0.0,0.0,0.0,0.0
2425,Manchester City,James Mcatee,ENG,FW,22-028,2002,1,0,1,0.0,0,0,0,0,0,0,0,0,0.0,0.0,0.0,0.0,0,0,0,0.0,0.0,0.0,0.0,0.0,0.0,0.0,0.0,0.0,0.0
2425,Manchester City,Jeremy Doku,BEL,"FW,MF",22-172,2002,8,5,407,4.5,1,1,2,1,0,0,0,0,0.4,0.4,1.2,1.6,66,19,83,0.22,0.22,0.44,0.22,0.44,0.09,0.27,0.36,0.09,0.36
2425,Manchester City,John Stones,ENG,"DF,MF",30-171,1994,6,2,241,2.7,2,0,2,2,0,0,1,0,0.4,0.4,0.0,0.4,8,10,1,0.75,0.0,0.75,0.75,0.75,0.16,0.0,0.16,0.16,0.16
2425,Manchester City,Joško Gvardiol,CRO,DF,22-297,2002,11,10,942,10.5,3,0,3,3,0,0,0,0,0.6,0.6,0.9,1.5,30,107,23,0.29,0.0,0.29,0.29,0.29,0.06,0.08,0.14,0.06,0.14
2425,Manchester City,Kevin De Bruyne,BEL,MF,33-140,1991,5,4,373,4.1,1,1,2,1,0,0,1,0,1.2,1.2,1.7,2.9,13,52,38,0.24,0.24,0.48,0.24,0.48,0.3,0.41,0.71,0.3,0.71
2425,Manchester City,Kyle Walker,ENG,DF,34-171,1990,7,5,469,5.2,0,0,0,0,0,0,1,0,0.1,0.1,0.4,0.5,7,34,2,0.0,0.0,0.0,0.0,0.0,0.03,0.08,0.1,0.03,0.1
2425,Manchester City,Manuel Akanji,SUI,DF,29-119,1995,9,9,781,8.7,0,0,0,0,0,0,1,0,0.1,0.1,0.3,0.4,19,67,3,0.0,0.0,0.0,0.0,0.0,0.01,0.03,0.04,0.01,0.04
2425,Manchester City,Mateo Kovačić,CRO,MF,30-193,1994,11,10,879,9.8,3,0,3,3,0,0,3,0,1.0,1.0,1.5,2.5,32,59,11,0.31,0.0,0.31,0.31,0.31,0.1,0.15,0.25,0.1,0.25
2425,Manchester City,Matheus Nunes,POR,"MF,FW",26-080,1998,8,3,293,3.3,0,2,2,0,0,0,0,0,0.1,0.1,1.5,1.6,16,18,55,0.0,0.61,0.61,0.0,0.61,0.03,0.46,0.49,0.03,0.49
2425,Manchester City,Nathan Aké,NED,DF,29-271,1995,2,1,75,0.8,0,0,0,0,0,0,0,0,0.0,0.0,0.0,0.0,2,5,1,0.0,0.0,0.0,0.0,0.0,0.02,0.0,0.02,0.02,0.02
2425,Manchester City,Phil Foden,ENG,MF,24-171,2000,8,4,462,5.1,0,1,1,0,0,0,0,0,0.9,0.9,2.2,3.1,12,28,44,0.0,0.19,0.19,0.0,0.19,0.17,0.43,0.6,0.17,0.6
2425,Manchester City,Rico Lewis,ENG,"DF,MF",19-360,2004,10,9,772,8.6,0,2,2,0,0,0,1,0,0.7,0.7,0.3,1.0,21,44,41,0.0,0.23,0.23,0.0,0.23,0.08,0.03,0.11,0.08,0.11
2425,Manchester City,Rodri,ESP,MF,28-146,1996,2,1,65,0.7,0,0,0,0,0,0,0,0,0.0,0.0,0.0,0.0,0,4,1,0.0,0.0,0.0,0.0,0.0,0.0,0.06,0.06,0.0,0.06
2425,Manchester City,Rúben Dias,POR,DF,27-185,1997,9,8,727,8.1,0,0,0,0,0,0,3,0,0.6,0.6,0.1,0.7,12,57,3,0.0,0.0,0.0,0.0,0.0,0.07,0.02,0.09,0.07,0.09
2425,Manchester City,Sávio,BRA,"FW,MF",20-219,2004,8,7,526,5.8,0,2,2,0,0,0,2,0,1.7,1.7,3.1,4.8,57,25,88,0.0,0.34,0.34,0.0,0.34,0.29,0.52,0.81,0.29,0.81
2425,Manchester City,İlkay Gündoğan,GER,MF,34-022,1990,10,7,626,7.0,0,1,1,0,0,0,0,0,1.3,1.3,1.1,2.4,19,39,41,0.0,0.14,0.14,0.0,0.14,0.19,0.16,0.34,0.19,0.34
2425,Manchester Utd,Alejandro Garnacho,ARG,FW,20-137,2004,11,7,715,7.9,3,1,4,3,0,0,1,0,3.5,3.5,1.1,4.6,49,13,101,0.38,0.13,0.5,0.38,0.5,0.44,0.14,0.58,0.44,0.58
2425,Manchester Utd,Amad Diallo,CIV,FW,22-127,2002,9,5,482,5.4,1,2,3,1,0,0,2,0,0.8,0.8,1.2,1.9,35,24,70,0.19,0.37,0.56,0.19,0.56,0.14,0.22,0.36,0.14,0.36
2425,Manchester Utd,André Onana,CMR,GK,28-227,1996,11,11,990,11.0,0,0,0,0,0,0,0,0,0.0,0.0,0.2,0.2,0,0,0,0.0,0.0,0.0,0.0,0.0,0.0,0.02,0.02,0.0,0.02
2425,Manchester Utd,Antony,BRA,FW,24-265,2000,2,0,28,0.3,0,0,0,0,0,0,0,0,0.1,0.1,0.1,0.2,1,0,1,0.0,0.0,0.0,0.0,0.0,0.47,0.22,0.7,0.47,0.7
2425,Manchester Utd,Bruno Fernandes,POR,"MF,FW",30-068,1994,11,11,929,10.3,2,3,5,1,1,1,1,1,4.0,3.2,3.0,6.2,24,84,54,0.19,0.29,0.48,0.1,0.39,0.39,0.29,0.67,0.31,0.6
2425,Manchester Utd,Casemiro,BRA,MF,32-266,1992,10,7,625,6.9,1,0,1,1,0,0,1,0,1.0,1.0,1.9,2.9,3,39,15,0.14,0.0,0.14,0.14,0.14,0.14,0.28,0.42,0.14,0.42
2425,Manchester Utd,Christian Eriksen,DEN,MF,32-275,1992,8,5,440,4.9,0,0,0,0,0,0,2,0,0.1,0.1,1.7,1.7,3,26,14,0.0,0.0,0.0,0.0,0.0,0.02,0.34,0.35,0.02,0.35
2425,Manchester Utd,Diogo Dalot,POR,DF,25-242,1999,11,11,956,10.6,0,1,1,0,0,0,3,0,0.7,0.7,1.1,1.8,10,43,35,0.0,0.09,0.09,0.0,0.09,0.06,0.11,0.17,0.06,0.17
2425,Manchester Utd,Harry Maguire,ENG,DF,31-255,1993,5,3,242,2.7,0,0,0,0,0,0,3,0,0.0,0.0,0.0,0.1,1,11,0,0.0,0.0,0.0,0.0,0.0,0.01,0.01,0.02,0.01,0.02
2425,Manchester Utd,Jonny Evans,NIR,DF,36-317,1988,5,2,235,2.6,0,0,0,0,0,0,1,0,0.1,0.1,0.0,0.1,1,8,2,0.0,0.0,0.0,0.0,0.0,0.04,0.0,0.04,0.04,0.04
2425,Manchester Utd,Joshua Zirkzee,NED,FW,23-177,2001,11,4,434,4.8,1,1,2,1,0,0,1,0,2.6,2.6,0.6,3.2,2,15,20,0.21,0.21,0.41,0.21,0.41,0.54,0.13,0.67,0.54,0.67
2425,Manchester Utd,Kobbie Mainoo,ENG,MF,19-210,2005,7,7,571,6.3,0,0,0,0,0,0,4,0,0.1,0.1,0.7,0.8,5,24,11,0.0,0.0,0.0,0.0,0.0,0.02,0.11,0.13,0.02,0.13
2425,Manchester Utd,Lisandro Martínez,ARG,DF,26-302,1998,10,10,886,9.8,0,0,0,0,0,0,4,0,0.8,0.8,0.1,0.9,5,58,5,0.0,0.0,0.0,0.0,0.0,0.08,0.01,0.09,0.08,0.09
2425,Manchester Utd,Manuel Ugarte Ribeiro,URU,MF,23-218,2001,6,3,281,3.1,0,0,0,0,0,0,2,0,0.0,0.0,0.2,0.2,3,10,5,0.0,0.0,0.0,0.0,0.0,0.0,0.07,0.07,0.0,0.07
2425,Manchester Utd,Marcus Rashford,ENG,FW,27-015,1997,11,10,757,8.4,1,1,2,1,0,0,2,0,0.9,0.9,1.9,2.8,17,18,64,0.12,0.12,0.24,0.12,0.24,0.11,0.23,0.33,0.11,0.33
2425,Manchester Utd,Mason Mount,ENG,"MF,FW",25-310,1999,3,2,145,1.6,0,0,0,0,0,0,2,0,0.4,0.4,0.1,0.5,1,4,4,0.0,0.0,0.0,0.0,0.0,0.24,0.07,0.3,0.24,0.3
2425,Manchester Utd,Matthijs de Ligt,NED,DF,25-095,1999,11,8,761,8.5,1,0,1,1,0,0,2,0,1.1,1.1,0.1,1.2,3,15,1,0.12,0.0,0.12,0.12,0.12,0.13,0.01,0.14,0.13,0.14
2425,Manchester Utd,Noussair Mazraoui,MAR,DF,27-001,1997,11,10,822,9.1,0,1,1,0,0,0,1,0,0.2,0.2,0.2,0.4,13,44,16,0.0,0.11,0.11,0.0,0.11,0.02,0.02,0.05,0.02,0.05
2425,Manchester Utd,Rasmus Højlund,DEN,FW,21-285,2003,7,5,416,4.6,1,0,1,1,0,0,0,0,1.1,1.1,0.3,1.4,6,4,17,0.22,0.0,0.22,0.22,0.22,0.24,0.06,0.29,0.24,0.29
2425,Manchester Utd,Scott McTominay,SCO,MF,27-343,1996,2,0,19,0.2,0,0,0,0,0,0,0,0,0.1,0.1,0.0,0.1,0,1,2,0.0,0.0,0.0,0.0,0.0,0.33,0.0,0.33,0.33,0.33
2425,Manchester Utd,Toby Collyer,ENG,MF,20-317,2004,1,0,45,0.5,0,0,0,0,0,0,0,0,0.0,0.0,0.1,0.1,0,2,2,0.0,0.0,0.0,0.0,0.0,0.0,0.15,0.15,0.0,0.15
2425,Manchester Utd,Victor Lindelöf,SWE,"DF,MF",30-121,1994,4,0,62,0.7,0,0,0,0,0,0,1,0,0.0,0.0,0.0,0.0,0,5,1,0.0,0.0,0.0,0.0,0.0,0.0,0.03,0.03,0.0,0.03
2425,Newcastle Utd,Alexander Isak,SWE,FW,25-055,1999,9,9,764,8.5,4,2,6,4,0,0,0,0,4.3,4.3,1.3,5.6,19,14,49,0.47,0.24,0.71,0.47,0.71,0.51,0.15,0.66,0.51,0.66
2425,Newcastle Utd,Anthony Gordon,ENG,FW,23-265,2001,10,10,845,9.4,2,1,3,1,1,2,0,0,3.5,2.0,2.1,4.1,34,19,79,0.21,0.11,0.32,0.11,0.21,0.38,0.22,0.6,0.21,0.43
2425,Newcastle Utd,Bruno Guimarães,BRA,MF,26-365,1997,11,11,979,10.9,0,1,1,0,0,0,2,0,0.7,0.7,0.8,1.5,15,71,12,0.0,0.09,0.09,0.0,0.09,0.06,0.07,0.13,0.06,0.13
2425,Newcastle Utd,Dan Burn,ENG,DF,32-190,1992,11,11,990,11.0,0,0,0,0,0,0,5,0,0.5,0.5,0.2,0.7,0,14,3,0.0,0.0,0.0,0.0,0.0,0.05,0.02,0.07,0.05,0.07
2425,Newcastle Utd,Emil Krafth,SWE,DF,30-105,1994,3,2,241,2.7,0,0,0,0,0,0,0,0,0.0,0.0,0.1,0.1,0,1,0,0.0,0.0,0.0,0.0,0.0,0.01,0.03,0.05,0.01,0.05
2425,Newcastle Utd,Fabian Schär,SUI,DF,32-331,1991,9,9,747,8.3,1,0,1,1,0,0,4,1,0.8,0.8,0.2,1.0,5,36,9,0.12,0.0,0.12,0.12,0.12,0.1,0.02,0.12,0.1,0.12
2425,Newcastle Utd,Harvey Barnes,ENG,FW,26-342,1997,11,5,495,5.5,4,1,5,4,0,0,0,0,2.3,2.3,2.0,4.3,23,26,52,0.73,0.18,0.91,0.73,0.91,0.42,0.36,0.78,0.42,0.78
2425,Newcastle Utd,Jacob Murphy,ENG,FW,29-265,1995,9,6,496,5.5,0,2,2,0,0,0,1,0,0.3,0.3,1.4,1.7,15,27,42,0.0,0.36,0.36,0.0,0.36,0.06,0.25,0.31,0.06,0.31
2425,Newcastle Utd,Joe Willock,ENG,"MF,FW",25-087,1999,9,3,329,3.7,0,1,1,0,0,0,1,0,0.3,0.3,1.1,1.4,14,18,31,0.0,0.27,0.27,0.0,0.27,0.08,0.31,0.39,0.08,0.39
2425,Newcastle Utd,Joelinton,BRA,"MF,FW",28-093,1996,11,11,926,10.3,2,0,2,2,0,0,4,0,1.9,1.9,0.7,2.6,18,46,49,0.19,0.0,0.19,0.19,0.19,0.18,0.07,0.25,0.18,0.25
2425,Newcastle Utd,Kieran Trippier,ENG,DF,34-057,1990,5,3,280,3.1,0,0,0,0,0,0,0,0,0.0,0.0,0.2,0.2,5,19,12,0.0,0.0,0.0,0.0,0.0,0.01,0.06,0.07,0.01,0.07
2425,Newcastle Utd,Lewis Hall,ENG,DF,20-068,2004,11,8,786,8.7,0,1,1,0,0,0,3,0,0.0,0.0,1.8,1.8,15,52,21,0.0,0.11,0.11,0.0,0.11,0.0,0.21,0.21,0.0,0.21
2425,Newcastle Utd,Lloyd Kelly,ENG,DF,26-040,1998,7,3,208,2.3,0,1,1,0,0,0,1,0,0.2,0.2,0.5,0.6,0,6,2,0.0,0.43,0.43,0.0,0.43,0.08,0.2,0.28,0.08,0.28
2425,Newcastle Utd,Miguel Almirón,PAR,FW,30-279,1994,5,1,105,1.2,0,0,0,0,0,0,0,0,0.4,0.4,0.2,0.5,1,5,10,0.0,0.0,0.0,0.0,0.0,0.31,0.15,0.46,0.31,0.46
2425,Newcastle Utd,Nick Pope,ENG,GK,32-210,1992,11,11,990,11.0,0,0,0,0,0,0,1,0,0.0,0.0,0.0,0.0,0,0,0,0.0,0.0,0.0,0.0,0.0,0.0,0.0,0.0,0.0,0.0
2425,Newcastle Utd,Sandro Tonali,ITA,MF,24-191,2000,9,4,410,4.6,0,1,1,0,0,0,3,0,0.7,0.7,0.3,1.0,4,15,12,0.0,0.22,0.22,0.0,0.22,0.16,0.06,0.22,0.16,0.22
2425,Newcastle Utd,Sean Longstaff,ENG,MF,27-016,1997,10,6,514,5.7,0,0,0,0,0,0,2,0,0.5,0.5,0.1,0.6,3,28,10,0.0,0.0,0.0,0.0,0.0,0.08,0.02,0.1,0.08,0.1
2425,Newcastle Utd,Valentino Livramento,ENG,DF,22-003,2002,11,8,710,7.9,0,0,0,0,0,0,0,0,0.0,0.0,0.2,0.2,14,27,28,0.0,0.0,0.0,0.0,0.0,0.0,0.03,0.03,0.0,0.03
2425,Newcastle Utd,William Osula,DEN,"FW,MF",21-103,2003,4,0,12,0.1,0,0,0,0,0,0,0,0,0.0,0.0,0.0,0.0,1,0,3,0.0,0.0,0.0,0.0,0.0,0.0,0.0,0.0,0.0,0.0
2425,Nott'ham Forest,Anthony Elanga,SWE,FW,22-202,2002,11,8,647,7.2,0,2,2,0,0,0,1,0,0.7,0.7,1.1,1.8,22,15,48,0.0,0.28,0.28,0.0,0.28,0.1,0.15,0.25,0.1,0.25
2425,Nott'ham Forest,Callum Hudson-Odoi,ENG,FW,24-008,2000,11,9,785,8.7,2,0,2,2,0,0,1,0,1.0,1.0,1.0,2.0,49,24,75,0.23,0.0,0.23,0.23,0.23,0.11,0.12,0.23,0.11,0.23
2425,Nott'ham Forest,Chris Wood,NZL,FW,32-344,1991,11,11,889,9.9,8,0,8,7,1,1,1,0,4.5,3.7,1.0,4.7,6,10,27,0.81,0.0,0.81,0.71,0.71,0.46,0.1,0.55,0.38,0.47
2425,Nott'ham Forest,Danilo,BRA,MF,23-200,2001,1,1,14,0.2,0,0,0,0,0,0,0,0,0.0,0.0,0.0,0.0,0,0,0,0.0,0.0,0.0,0.0,0.0,0.0,0.0,0.0,0.0,0.0
2425,Nott'ham Forest,Elliot Anderson,ENG,"MF,FW",22-009,2002,11,8,629,7.0,0,3,3,0,0,0,3,0,0.8,0.8,1.6,2.4,17,31,31,0.0,0.43,0.43,0.0,0.43,0.11,0.23,0.34,0.11,0.34
2425,Nott'ham Forest,Eric da Silva Moreira,GER,DF,18-196,2006,1,0,2,0.0,0,0,0,0,0,0,0,0,0.0,0.0,0.0,0.0,0,0,0,0.0,0.0,0.0,0.0,0.0,0.0,0.0,0.0,0.0,0.0
2425,Nott'ham Forest,Harry Toffolo,ENG,DF,29-088,1995,1,0,37,0.4,0,0,0,0,0,0,0,0,0.0,0.0,0.0,0.0,0,1,4,0.0,0.0,0.0,0.0,0.0,0.04,0.0,0.04,0.04,0.04
2425,Nott'ham Forest,Ibrahim Sangaré,CIV,MF,26-349,1997,3,3,212,2.4,0,0,0,0,0,0,2,0,0.0,0.0,0.0,0.0,0,8,2,0.0,0.0,0.0,0.0,0.0,0.01,0.01,0.01,0.01,0.01
2425,Nott'ham Forest,James Ward-Prowse,ENG,MF,30-014,1994,5,4,289,3.2,0,0,0,0,0,0,2,1,0.1,0.1,0.0,0.1,1,12,1,0.0,0.0,0.0,0.0,0.0,0.02,0.01,0.02,0.02,0.02
2425,Nott'ham Forest,Jota Silva,POR,"FW,MF",25-106,1999,10,0,219,2.4,0,1,1,0,0,0,1,0,0.3,0.3,0.7,1.0,11,7,15,0.0,0.41,0.41,0.0,0.41,0.1,0.31,0.41,0.1,0.41
2425,Nott'ham Forest,Matz Sels,BEL,GK,32-263,1992,11,11,990,11.0,0,0,0,0,0,0,2,0,0.0,0.0,0.0,0.0,0,1,0,0.0,0.0,0.0,0.0,0.0,0.0,0.0,0.0,0.0,0.0
2425,Nott'ham Forest,Morato,BRA,DF,23-138,2001,5,0,70,0.8,0,0,0,0,0,0,0,0,0.0,0.0,0.0,0.0,0,1,0,0.0,0.0,0.0,0.0,0.0,0.0,0.0,0.0,0.0,0.0
2425,Nott'ham Forest,Morgan Gibbs-White,ENG,MF,24-293,2000,8,8,626,7.0,1,0,1,1,0,0,3,1,1.1,1.1,1.0,2.1,16,35,29,0.14,0.0,0.14,0.14,0.14,0.16,0.14,0.3,0.16,0.3
2425,Nott'ham Forest,Murillo,BRA,DF,22-134,2002,11,11,990,11.0,1,0,1,1,0,0,1,0,0.5,0.5,0.8,1.3,9,34,2,0.09,0.0,0.09,0.09,0.09,0.04,0.07,0.12,0.04,0.12
2425,Nott'ham Forest,Neco Williams,WAL,DF,23-216,2001,9,3,374,4.2,0,0,0,0,0,0,3,0,0.6,0.6,0.3,0.9,10,7,18,0.0,0.0,0.0,0.0,0.0,0.14,0.06,0.21,0.14,0.21
2425,Nott'ham Forest,Nicolás Domínguez,ARG,"MF,FW",26-140,1998,9,6,520,5.8,0,0,0,0,0,0,3,0,0.7,0.7,0.0,0.8,7,24,7,0.0,0.0,0.0,0.0,0.0,0.12,0.01,0.13,0.12,0.13
2425,Nott'ham Forest,Nikola Milenković,SRB,DF,27-034,1997,10,10,900,10.0,0,1,1,0,0,0,1,0,1.6,1.6,0.2,1.9,2,16,1,0.0,0.1,0.1,0.0,0.1,0.16,0.02,0.19,0.16,0.19
2425,Nott'ham Forest,Ola Aina,NGA,DF,28-038,1996,11,11,951,10.6,1,0,1,1,0,0,1,0,0.1,0.1,0.4,0.5,25,47,19,0.09,0.0,0.09,0.09,0.09,0.01,0.03,0.05,0.01,0.05
2425,Nott'ham Forest,Ramón Sosa,PAR,"MF,FW",25-076,1999,7,0,100,1.1,1,0,1,1,0,0,0,0,0.7,0.7,0.3,1.0,6,4,10,0.9,0.0,0.9,0.9,0.9,0.62,0.26,0.89,0.62,0.89
2425,Nott'ham Forest,Ryan Yates,ENG,MF,26-360,1997,11,7,809,9.0,1,0,1,1,0,0,3,0,1.3,1.3,0.7,2.0,11,23,8,0.11,0.0,0.11,0.11,0.11,0.14,0.08,0.22,0.14,0.22
2425,Nott'ham Forest,Taiwo Awoniyi,NGA,FW,27-095,1997,8,1,112,1.2,0,0,0,0,0,0,0,0,0.4,0.4,0.0,0.4,3,1,8,0.0,0.0,0.0,0.0,0.0,0.35,0.0,0.35,0.35,0.35
2425,Nott'ham Forest,Willy Boly,CIV,DF,33-286,1991,2,1,91,1.0,0,0,0,0,0,0,0,0,0.1,0.1,0.0,0.1,0,2,0,0.0,0.0,0.0,0.0,0.0,0.07,0.0,0.07,0.07,0.07
2425,Nott'ham Forest,Álex Moreno,ESP,DF,31-160,1993,8,8,613,6.8,0,1,1,0,0,0,2,0,0.1,0.1,1.0,1.1,16,26,20,0.0,0.15,0.15,0.0,0.15,0.02,0.14,0.16,0.02,0.16
2425,Southampton,Aaron Ramsdale,ENG,GK,26-185,1998,9,9,810,9.0,0,0,0,0,0,0,1,0,0.0,0.0,0.0,0.0,0,0,0,0.0,0.0,0.0,0.0,0.0,0.0,0.0,0.0,0.0,0.0
2425,Southampton,Adam Armstrong,ENG,"FW,MF",27-279,1997,8,5,456,5.1,1,0,1,1,0,0,2,0,1.2,1.2,0.2,1.4,10,9,45,0.2,0.0,0.2,0.2,0.2,0.24,0.03,0.27,0.24,0.27
2425,Southampton,Adam Lallana,ENG,MF,36-189,1988,7,4,279,3.1,0,2,2,0,0,0,3,0,0.2,0.2,0.9,1.0,5,21,8,0.0,0.65,0.65,0.0,0.65,0.05,0.28,0.33,0.05,0.33
2425,Southampton,Alex McCarthy,ENG,GK,34-348,1989,2,2,180,2.0,0,0,0,0,0,0,0,0,0.0,0.0,0.0,0.0,0,0,0,0.0,0.0,0.0,0.0,0.0,0.0,0.0,0.0,0.0,0.0
2425,Southampton,Ben Brereton,CHI,FW,25-211,1999,7,4,407,4.5,0,0,0,0,0,0,1,0,0.9,0.9,0.1,1.0,11,8,39,0.0,0.0,0.0,0.0,0.0,0.2,0.02,0.22,0.2,0.22
2425,Southampton,Cameron Archer,ENG,FW,23-117,2001,11,6,598,6.6,2,0,2,2,0,1,0,0,3.5,2.7,0.2,2.9,9,4,25,0.3,0.0,0.3,0.3,0.3,0.53,0.03,0.56,0.41,0.44
2425,Southampton,Carlos Alcaraz,ARG,MF,21-351,2002,1,0,10,0.1,0,0,0,0,0,0,0,0,0.1,0.1,0.1,0.2,4,6,1,0.0,0.0,0.0,0.0,0.0,0.62,0.86,1.48,0.62,1.48
2425,Southampton,Charlie Taylor,ENG,DF,31-058,1993,5,2,209,2.3,0,0,0,0,0,0,1,0,0.0,0.0,0.1,0.1,2,6,6,0.0,0.0,0.0,0.0,0.0,0.0,0.03,0.03,0.0,0.03
2425,Southampton,Flynn Downes,ENG,MF,25-300,1999,10,10,896,10.0,0,0,0,0,0,0,4,0,0.5,0.5,0.9,1.3,15,40,18,0.0,0.0,0.0,0.0,0.0,0.05,0.09,0.13,0.05,0.13
2425,Southampton,Jack Stephens,ENG,DF,30-293,1994,7,7,575,6.4,0,0,0,0,0,0,1,1,0.2,0.2,0.1,0.4,11,41,1,0.0,0.0,0.0,0.0,0.0,0.04,0.02,0.06,0.04,0.06
2425,Southampton,James Bree,ENG,DF,27-035,1997,1,0,14,0.2,0,0,0,0,0,0,0,0,0.0,0.0,0.0,0.0,0,1,1,0.0,0.0,0.0,0.0,0.0,0.0,0.07,0.07,0.0,0.07
2425,Southampton,Jan Bednarek,POL,DF,28-217,1996,11,11,980,10.9,0,0,0,0,0,0,3,0,0.0,0.0,0.4,0.5,4,31,1,0.0,0.0,0.0,0.0,0.0,0.0,0.04,0.04,0.0,0.04
2425,Southampton,Joe Aribo,NGA,MF,28-117,1996,10,6,599,6.7,1,0,1,1,0,0,0,0,1.3,1.3,0.7,1.9,18,25,28,0.15,0.0,0.15,0.15,0.15,0.19,0.1,0.29,0.19,0.29
2425,Southampton,Kamaldeen Sulemana,GHA,"FW,MF",22-274,2002,2,0,17,0.2,0,0,0,0,0,0,0,0,0.0,0.0,0.0,0.0,1,0,1,0.0,0.0,0.0,0.0,0.0,0.1,0.0,0.1,0.1,0.1
2425,Southampton,Kyle Walker-Peters,ENG,DF,27-216,1997,9,9,800,8.9,0,1,1,0,0,0,2,0,0.2,0.2,0.9,1.1,37,41,24,0.0,0.11,0.11,0.0,0.11,0.03,0.1,0.12,0.03,0.12
2425,Southampton,Lesley Ugochukwu,FRA,MF,20-234,2004,5,2,172,1.9,0,0,0,0,0,0,1,0,0.2,0.2,0.2,0.4,4,3,1,0.0,0.0,0.0,0.0,0.0,0.11,0.1,0.21,0.11,0.21
2425,Southampton,Mateus Fernandes,POR,MF,20-128,2004,10,8,707,7.9,0,1,1,0,0,0,3,0,0.7,0.7,1.0,1.7,26,42,28,0.0,0.13,0.13,0.0,0.13,0.08,0.13,0.22,0.08,0.22
2425,Southampton,Maxwel Cornet,CIV,FW,28-049,1996,2,1,72,0.8,0,0,0,0,0,0,1,0,0.2,0.2,0.0,0.2,1,0,5,0.0,0.0,0.0,0.0,0.0,0.2,0.0,0.2,0.2,0.2
2425,Southampton,Paul Onuachu,NGA,FW,30-171,1994,5,0,63,0.7,0,0,0,0,0,0,1,0,0.1,0.1,0.0,0.1,0,2,2,0.0,0.0,0.0,0.0,0.0,0.08,0.03,0.11,0.08,0.11
2425,Southampton,Ross Stewart,SCO,"FW,MF",28-127,1996,4,1,132,1.5,0,0,0,0,0,0,1,0,0.1,0.1,0.0,0.1,1,1,5,0.0,0.0,0.0,0.0,0.0,0.08,0.0,0.08,0.08,0.08
2425,Southampton,Ryan Fraser,SCO,FW,30-265,1994,4,2,141,1.6,0,0,0,0,0,0,0,1,0.0,0.0,0.1,0.1,4,1,7,0.0,0.0,0.0,0.0,0.0,0.02,0.05,0.07,0.02,0.07
2425,Southampton,Ryan Manning,IRL,"DF,FW",28-154,1996,5,5,329,3.7,0,0,0,0,0,0,1,0,0.1,0.1,0.5,0.6,2,1,29,0.0,0.0,0.0,0.0,0.0,0.01,0.14,0.16,0.01,0.16
2425,Southampton,Samuel Amo-Ameyaw,ENG,DF,18-120,2006,1,0,10,0.1,0,0,0,0,0,0,0,0,0.0,0.0,0.1,0.1,0,0,2,0.0,0.0,0.0,0.0,0.0,0.18,0.62,0.8,0.18,0.8
2425,Southampton,Samuel Edozie,ENG,"DF,FW",21-292,2003,2,0,65,0.7,0,0,0,0,0,0,1,0,0.0,0.0,0.1,0.1,6,4,23,0.0,0.0,0.0,0.0,0.0,0.0,0.14,0.14,0.0,0.14
2425,Southampton,Taylor Harwood-Bellis,ENG,DF,22-290,2002,11,10,860,9.6,1,0,1,1,0,0,4,0,1.2,1.2,0.4,1.6,4,34,5,0.1,0.0,0.1,0.1,0.1,0.12,0.04,0.16,0.12,0.16
2425,Southampton,Tyler Dibling,ENG,"FW,MF",18-248,2006,11,6,570,6.3,1,0,1,1,0,0,4,0,1.0,1.0,0.8,1.7,30,24,40,0.16,0.0,0.16,0.16,0.16,0.15,0.12,0.27,0.15,0.27
2425,Southampton,William Smallbone,IRL,MF,24-268,2000,4,3,241,2.7,0,0,0,0,0,0,0,0,0.3,0.3,0.3,0.6,2,8,12,0.0,0.0,0.0,0.0,0.0,0.11,0.11,0.23,0.11,0.23
2425,Southampton,Yukinari Sugawara,JPN,DF,24-140,2000,10,8,668,7.4,1,1,2,1,0,0,2,0,0.3,0.3,1.5,1.8,12,35,28,0.13,0.13,0.27,0.13,0.27,0.04,0.21,0.25,0.04,0.25
2425,Tottenham,Archie Gray,ENG,"MF,DF",18-248,2006,5,0,46,0.5,0,0,0,0,0,0,0,0,0.0,0.0,0.0,0.0,0,3,1,0.0,0.0,0.0,0.0,0.0,0.0,0.0,0.0,0.0,0.0
2425,Tottenham,Ben Davies,WAL,DF,31-205,1993,1,0,30,0.3,0,0,0,0,0,0,0,0,0.0,0.0,0.0,0.0,0,0,0,0.0,0.0,0.0,0.0,0.0,0.0,0.0,0.0,0.0,0.0
2425,Tottenham,Brennan Johnson,WAL,FW,23-176,2001,11,10,866,9.6,4,0,4,4,0,0,2,0,5.2,5.2,0.7,5.9,31,28,99,0.42,0.0,0.42,0.42,0.42,0.54,0.07,0.61,0.54,0.61
2425,Tottenham,Cristian Romero,ARG,DF,26-202,1998,11,11,960,10.7,1,0,1,1,0,0,1,0,1.1,1.1,0.5,1.6,10,48,2,0.09,0.0,0.09,0.09,0.09,0.1,0.05,0.15,0.1,0.15
2425,Tottenham,Dejan Kulusevski,SWE,"MF,FW",24-204,2000,11,10,859,9.5,2,2,4,2,0,0,3,0,1.4,1.4,2.8,4.1,43,52,76,0.21,0.21,0.42,0.21,0.42,0.14,0.29,0.43,0.14,0.43
2425,Tottenham,Destiny Udogie,ITA,DF,21-353,2002,11,11,915,10.2,0,1,1,0,0,0,2,0,0.3,0.3,1.2,1.5,26,64,60,0.0,0.1,0.1,0.0,0.1,0.03,0.12,0.15,0.03,0.15
2425,Tottenham,Djed Spence,ENG,DF,24-098,2000,3,0,64,0.7,0,0,0,0,0,0,1,0,0.0,0.0,0.0,0.0,3,4,5,0.0,0.0,0.0,0.0,0.0,0.0,0.0,0.0,0.0,0.0
2425,Tottenham,Dominic Solanke,ENG,FW,27-062,1997,9,9,797,8.9,4,1,5,4,0,0,0,0,5.5,5.5,0.8,6.2,15,21,43,0.45,0.11,0.56,0.45,0.56,0.62,0.09,0.7,0.62,0.7
2425,Tottenham,Guglielmo Vicario,ITA,GK,28-039,1996,11,11,990,11.0,0,0,0,0,0,0,1,0,0.0,0.0,0.0,0.0,0,1,0,0.0,0.0,0.0,0.0,0.0,0.0,0.0,0.0,0.0,0.0
2425,Tottenham,James Maddison,ENG,MF,27-358,1996,11,9,685,7.6,3,3,6,3,0,0,2,0,2.4,2.4,1.9,4.3,16,70,44,0.39,0.39,0.79,0.39,0.79,0.31,0.25,0.56,0.31,0.56
2425,Tottenham,Lucas Bergvall,SWE,"MF,FW",18-287,2006,5,0,51,0.6,0,0,0,0,0,0,0,0,0.1,0.1,0.2,0.3,1,4,3,0.0,0.0,0.0,0.0,0.0,0.14,0.34,0.48,0.14,0.48
2425,Tottenham,Micky van de Ven,NED,DF,23-210,2001,8,8,710,7.9,0,2,2,0,0,0,4,0,0.2,0.2,1.2,1.4,8,42,1,0.0,0.25,0.25,0.0,0.25,0.03,0.15,0.18,0.03,0.18
2425,Tottenham,Mikey Moore,ENG,FW,17-096,2007,4,1,85,0.9,0,0,0,0,0,0,0,0,0.0,0.0,0.0,0.0,5,3,12,0.0,0.0,0.0,0.0,0.0,0.04,0.0,0.04,0.04,0.04
2425,Tottenham,Pape Matar Sarr,SEN,MF,22-062,2002,11,4,445,4.9,0,2,2,0,0,0,1,0,0.7,0.7,1.2,1.9,10,37,20,0.0,0.4,0.4,0.0,0.4,0.15,0.23,0.38,0.15,0.38
2425,Tottenham,Pedro Porro,ESP,DF,25-063,1999,11,11,986,11.0,1,1,2,1,0,0,2,0,0.7,0.7,1.3,2.0,33,66,44,0.09,0.09,0.18,0.09,0.18,0.06,0.12,0.18,0.06,0.18
2425,Tottenham,Radu Drăgușin,ROU,DF,22-286,2002,4,3,280,3.1,0,0,0,0,0,0,0,0,0.0,0.0,0.0,0.0,3,13,0,0.0,0.0,0.0,0.0,0.0,0.01,0.0,0.01,0.01,0.01
2425,Tottenham,Richarlison,BRA,FW,27-189,1997,5,0,90,1.0,0,1,1,0,0,0,1,0,0.2,0.2,0.8,1.0,4,5,12,0.0,1.0,1.0,0.0,1.0,0.19,0.76,0.95,0.19,0.95
2425,Tottenham,Rodrigo Bentancur,URU,MF,27-143,1997,10,7,535,5.9,1,0,1,1,0,0,4,0,0.7,0.7,0.1,0.8,5,40,3,0.17,0.0,0.17,0.17,0.17,0.11,0.01,0.13,0.11,0.13
2425,Tottenham,Son Heung-min,KOR,FW,32-130,1992,8,8,664,7.4,3,3,6,3,0,0,0,0,1.9,1.9,3.1,5.0,33,48,107,0.41,0.41,0.81,0.41,0.81,0.26,0.42,0.68,0.26,0.68
2425,Tottenham,Timo Werner,GER,"FW,MF",28-254,1996,8,2,269,3.0,0,1,1,0,0,0,0,0,0.9,0.9,0.2,1.1,27,17,54,0.0,0.33,0.33,0.0,0.33,0.32,0.05,0.37,0.32,0.37
2425,Tottenham,Wilson Odobert,FRA,FW,19-353,2004,3,2,162,1.8,0,0,0,0,0,0,0,0,0.4,0.4,0.1,0.5,13,10,18,0.0,0.0,0.0,0.0,0.0,0.23,0.03,0.27,0.23,0.27
2425,Tottenham,Yves Bissouma,MLI,MF,28-077,1996,8,4,401,4.5,2,0,2,2,0,0,2,0,0.3,0.3,0.2,0.5,8,32,0,0.45,0.0,0.45,0.45,0.45,0.06,0.04,0.1,0.06,0.1
2425,West Ham,Aaron Cresswell,ENG,DF,34-336,1989,4,0,29,0.3,0,0,0,0,0,0,1,0,0.0,0.0,0.0,0.1,1,3,1,0.0,0.0,0.0,0.0,0.0,0.11,0.11,0.22,0.11,0.22
2425,West Ham,Aaron Wan-Bissaka,ENG,DF,26-355,1997,10,9,815,9.1,0,0,0,0,0,0,0,0,0.1,0.1,0.3,0.4,30,38,37,0.0,0.0,0.0,0.0,0.0,0.01,0.04,0.04,0.01,0.04
2425,West Ham,Alphonse Areola,FRA,GK,31-262,1993,8,8,675,7.5,0,0,0,0,0,0,0,0,0.0,0.0,0.0,0.0,0,0,0,0.0,0.0,0.0,0.0,0.0,0.0,0.0,0.0,0.0,0.0
2425,West Ham,Andy Irving,SCO,MF,24-186,2000,3,0,31,0.3,0,0,0,0,0,0,1,0,0.0,0.0,0.0,0.0,0,2,0,0.0,0.0,0.0,0.0,0.0,0.1,0.0,0.1,0.1,0.1
2425,West Ham,Carlos Soler,ESP,"MF,FW",27-318,1997,8,1,268,3.0,0,0,0,0,0,0,3,0,0.2,0.2,0.1,0.4,5,12,6,0.0,0.0,0.0,0.0,0.0,0.08,0.04,0.12,0.08,0.12
2425,West Ham,Crysencio Summerville,NED,"MF,FW",23-016,2001,10,3,346,3.8,1,0,1,1,0,0,1,0,0.9,0.9,0.6,1.5,11,7,29,0.26,0.0,0.26,0.26,0.26,0.24,0.15,0.39,0.24,0.39
2425,West Ham,Danny Ings,ENG,"FW,MF",32-115,1992,5,0,75,0.8,1,1,2,1,0,0,0,0,1.0,1.0,0.5,1.5,2,0,8,1.2,1.2,2.4,1.2,2.4,1.22,0.63,1.85,1.22,1.85
2425,West Ham,Edson Álvarez,MEX,"MF,DF",27-022,1997,8,5,408,4.5,0,0,0,0,0,0,4,1,0.1,0.1,0.1,0.2,4,17,3,0.0,0.0,0.0,0.0,0.0,0.01,0.03,0.04,0.01,0.04
2425,West Ham,Emerson Palmieri,ITA,DF,30-104,1994,11,11,851,9.5,0,0,0,0,0,0,3,0,1.0,1.0,0.8,1.8,14,23,42,0.0,0.0,0.0,0.0,0.0,0.1,0.08,0.19,0.1,0.19
2425,West Ham,Guido Rodríguez,ARG,MF,30-217,1994,11,11,799,8.9,0,0,0,0,0,0,3,0,0.1,0.1,0.0,0.1,2,24,4,0.0,0.0,0.0,0.0,0.0,0.01,0.0,0.01,0.01,0.01
2425,West Ham,James Ward-Prowse,ENG,MF,30-014,1994,1,0,18,0.2,0,0,0,0,0,0,0,0,0.0,0.0,0.0,0.0,1,4,0,0.0,0.0,0.0,0.0,0.0,0.0,0.0,0.0,0.0,0.0
2425,West Ham,Jarrod Bowen,ENG,"MF,FW",27-331,1996,11,11,966,10.7,3,2,5,2,1,1,0,0,1.9,1.2,2.9,4.2,42,43,62,0.28,0.19,0.47,0.19,0.37,0.18,0.27,0.46,0.11,0.39
2425,West Ham,Jean-Clair Todibo,FRA,DF,24-321,1999,8,5,503,5.6,0,0,0,0,0,0,0,0,0.1,0.1,0.0,0.1,2,7,1,0.0,0.0,0.0,0.0,0.0,0.02,0.01,0.02,0.02,0.02
2425,West Ham,Konstantinos Mavropanos,GRE,DF,26-340,1997,9,7,650,7.2,0,0,0,0,0,0,1,0,0.2,0.2,0.0,0.2,7,17,2,0.0,0.0,0.0,0.0,0.0,0.03,0.0,0.03,0.03,0.03
2425,West Ham,Lucas Paquetá,BRA,MF,27-080,1997,11,10,811,9.0,2,0,2,1,1,1,4,0,2.1,1.3,1.2,2.6,8,54,27,0.22,0.0,0.22,0.11,0.11,0.24,0.13,0.37,0.15,0.28
2425,West Ham,Luis Guilherme,BRA,MF,18-280,2006,2,0,13,0.1,0,0,0,0,0,0,0,0,0.0,0.0,0.0,0.0,0,0,1,0.0,0.0,0.0,0.0,0.0,0.0,0.0,0.0,0.0,0.0
2425,West Ham,Max Kilman,ENG,DF,27-176,1997,11,11,990,11.0,0,1,1,0,0,0,3,0,0.7,0.7,0.3,0.9,12,46,2,0.0,0.09,0.09,0.0,0.09,0.06,0.03,0.09,0.06,0.09
2425,West Ham,Michail Antonio,JAM,FW,34-232,1990,11,9,669,7.4,1,1,2,1,0,0,1,0,1.9,1.9,1.6,3.5,20,14,44,0.13,0.13,0.27,0.13,0.27,0.26,0.22,0.48,0.26,0.48
2425,West Ham,Mohammed Kudus,GHA,"MF,FW",24-105,2000,8,8,663,7.4,2,0,2,2,0,0,0,1,2.8,2.8,0.8,3.6,37,20,66,0.27,0.0,0.27,0.27,0.27,0.38,0.11,0.49,0.38,0.49
2425,West Ham,Niclas Füllkrug,GER,FW,31-280,1993,3,0,66,0.7,0,0,0,0,0,0,0,0,0.3,0.3,0.0,0.3,2,0,3,0.0,0.0,0.0,0.0,0.0,0.35,0.0,0.35,0.35,0.35
2425,West Ham,Tomáš Souček,CZE,MF,29-262,1995,10,7,654,7.3,2,0,2,2,0,0,3,0,2.0,2.0,0.4,2.4,2,27,19,0.28,0.0,0.28,0.28,0.28,0.27,0.06,0.33,0.27,0.33
2425,West Ham,Vladimír Coufal,CZE,DF,32-085,1992,5,2,224,2.5,0,0,0,0,0,0,1,0,0.0,0.0,0.1,0.1,4,7,6,0.0,0.0,0.0,0.0,0.0,0.01,0.04,0.05,0.01,0.05
2425,West Ham,Łukasz Fabiański,POL,GK,39-211,1985,4,3,315,3.5,0,0,0,0,0,0,0,0,0.0,0.0,0.0,0.0,0,0,0,0.0,0.0,0.0,0.0,0.0,0.0,0.0,0.0,0.0,0.0
2425,Wolves,André,BRA,MF,23-122,2001,7,5,363,4.0,0,0,0,0,0,0,2,0,0.1,0.1,0.1,0.2,0,10,0,0.0,0.0,0.0,0.0,0.0,0.02,0.04,0.05,0.02,0.05
2425,Wolves,Carlos Forbs,POR,"MF,FW",20-241,2004,5,1,179,2.0,0,0,0,0,0,0,2,0,0.1,0.1,0.0,0.1,8,7,21,0.0,0.0,0.0,0.0,0.0,0.05,0.02,0.07,0.05,0.07
2425,Wolves,Chiquinho,POR,MF,24-284,2000,1,0,7,0.1,0,0,0,0,0,0,0,0,0.0,0.0,0.0,0.0,0,0,0,0.0,0.0,0.0,0.0,0.0,0.0,0.42,0.42,0.0,0.42
2425,Wolves,Craig Dawson,ENG,DF,34-193,1990,10,8,751,8.3,0,0,0,0,0,0,1,0,0.5,0.5,0.0,0.5,5,16,5,0.0,0.0,0.0,0.0,0.0,0.05,0.01,0.06,0.05,0.06
2425,Wolves,Daniel Podence,POR,"MF,FW",29-025,1995,2,0,48,0.5,0,0,0,0,0,0,0,0,0.0,0.0,0.0,0.0,1,2,3,0.0,0.0,0.0,0.0,0.0,0.07,0.0,0.07,0.07,0.07
2425,Wolves,Gonçalo Guedes,POR,"FW,MF",27-352,1996,8,0,129,1.4,0,1,1,0,0,0,1,0,0.1,0.1,0.3,0.4,3,5,12,0.0,0.7,0.7,0.0,0.7,0.08,0.22,0.3,0.08,0.3
2425,Wolves,Hwang Hee-chan,KOR,"FW,MF",28-294,1996,6,2,256,2.8,0,0,0,0,0,0,0,0,0.0,0.0,0.1,0.1,5,3,7,0.0,0.0,0.0,0.0,0.0,0.0,0.04,0.04,0.0,0.04
2425,Wolves,Jean-Ricner Bellegarde,FRA,"MF,FW",26-141,1998,10,6,476,5.3,1,1,2,1,0,0,2,0,0.3,0.3,0.3,0.6,13,6,26,0.19,0.19,0.38,0.19,0.38,0.06,0.06,0.12,0.06,0.12
2425,Wolves,José Sá,POR,GK,31-303,1993,6,6,540,6.0,0,0,0,0,0,0,0,0,0.0,0.0,0.1,0.1,0,0,0,0.0,0.0,0.0,0.0,0.0,0.0,0.01,0.01,0.0,0.01
2425,Wolves,João Gomes,BRA,MF,23-277,2001,11,11,927,10.3,1,0,1,1,0,0,4,0,0.5,0.5,0.2,0.7,19,39,20,0.1,0.0,0.1,0.1,0.1,0.04,0.02,0.06,0.04,0.06
2425,Wolves,Jørgen Strand Larsen,NOR,FW,24-283,2000,11,11,894,9.9,4,1,5,4,0,0,1,0,2.6,2.6,1.0,3.5,4,7,24,0.4,0.1,0.5,0.4,0.5,0.26,0.1,0.36,0.26,0.36
2425,Wolves,Mario Lemina,GAB,MF,31-075,1993,11,10,882,9.8,1,2,3,1,0,0,2,0,1.1,1.1,0.3,1.4,4,29,15,0.1,0.2,0.31,0.1,0.31,0.11,0.03,0.14,0.11,0.14
2425,Wolves,Matheus Cunha,BRA,"MF,FW",25-172,1999,11,10,886,9.8,5,2,7,5,0,0,1,0,2.4,2.4,3.8,6.2,35,39,54,0.51,0.2,0.71,0.51,0.71,0.24,0.39,0.63,0.24,0.63
2425,Wolves,Matt Doherty,IRL,DF,32-304,1992,5,2,211,2.3,0,0,0,0,0,0,0,0,0.1,0.1,0.1,0.2,1,6,8,0.0,0.0,0.0,0.0,0.0,0.03,0.06,0.1,0.03,0.1
2425,Wolves,Nélson Semedo,POR,DF,30-365,1993,9,9,780,8.7,0,2,2,0,0,0,4,0,0.3,0.3,1.1,1.4,14,23,22,0.0,0.23,0.23,0.0,0.23,0.04,0.12,0.16,0.04,0.16
2425,Wolves,Pablo Sarabia,ESP,"MF,FW",32-188,1992,5,2,181,2.0,1,0,1,1,0,0,1,0,1.4,1.4,0.4,1.9,4,12,13,0.5,0.0,0.5,0.5,0.5,0.71,0.22,0.93,0.71,0.93
2425,Wolves,Rayan Aït-Nouri,ALG,DF,23-162,2001,11,11,922,10.2,3,2,5,3,0,0,4,0,1.2,1.2,1.0,2.2,19,33,41,0.29,0.2,0.49,0.29,0.49,0.12,0.1,0.22,0.12,0.22
2425,Wolves,Rodrigo Gomes,POR,"FW,MF",21-131,2003,5,1,119,1.3,0,0,0,0,0,0,0,0,0.1,0.1,0.0,0.1,6,2,12,0.0,0.0,0.0,0.0,0.0,0.05,0.0,0.05,0.05,0.05
2425,Wolves,Sam Johnstone,ENG,GK,31-235,1993,5,5,450,5.0,0,0,0,0,0,0,0,0,0.0,0.0,0.0,0.0,0,0,0,0.0,0.0,0.0,0.0,0.0,0.0,0.01,0.01,0.0,0.01
2425,Wolves,Santiago Bueno,URU,DF,26-006,1998,6,5,445,4.9,0,0,0,0,0,0,0,0,0.2,0.2,0.0,0.2,0,7,1,0.0,0.0,0.0,0.0,0.0,0.04,0.0,0.04,0.04,0.04
2425,Wolves,Tommy Doyle,ENG,MF,23-029,2001,8,2,266,3.0,0,1,1,0,0,0,0,0,0.3,0.3,0.1,0.4,3,22,2,0.0,0.34,0.34,0.0,0.34,0.1,0.03,0.13,0.1,0.13
2425,Wolves,Toti Gomes,POR,DF,25-304,1999,9,9,737,8.2,0,1,1,0,0,0,4,0,0.0,0.0,0.5,0.5,4,16,3,0.0,0.12,0.12,0.0,0.12,0.0,0.07,0.07,0.0,0.07
2425,Wolves,Yerson Mosquera,COL,DF,23-197,2001,5,5,441,4.9,0,0,0,0,0,0,2,0,0.3,0.3,0.1,0.4,0,7,0,0.0,0.0,0.0,0.0,0.0,0.07,0.02,0.09,0.07,0.09
