season,team,player,nation,pos,age,born,90s,Att,Pass Types_Live,Pass Types_Dead,Pass Types_FK,Pass Types_TB,Pass Types_Sw,Pass Types_Crs,Pass Types_TI,Pass Types_CK,Corner Kicks_In,Corner Kicks_Out,Corner Kicks_Str,Outcomes_Cmp,Outcomes_Off,Outcomes_Blocks
2425,Arsenal,Ben White,ENG,DF,27-038,1997,7.7,352,292,58,12,1,5,7,42,0,0,0,0,294,2,2
2425,Arsenal,Bukayo Saka,ENG,"MF,FW",23-071,2001,9.1,321,282,37,4,3,0,54,6,27,24,0,2,246,2,9
2425,Arsenal,David Raya,ESP,GK,29-061,1995,11.0,396,314,80,29,0,0,0,0,0,0,0,0,274,2,0
2425,Arsenal,Declan Rice,ENG,MF,25-306,1999,9.2,467,395,70,25,0,8,55,1,32,27,3,0,377,2,4
2425,Arsenal,Ethan Nwaneri,ENG,"MF,FW",17-239,2007,0.6,30,26,3,1,0,0,3,0,2,2,0,0,25,1,0
2425,Arsenal,Gabriel Jesus,BRA,"FW,MF",27-226,1997,1.4,53,50,2,0,0,0,2,2,0,0,0,0,39,1,7
2425,Arsenal,Gabriel Magalhães,BRA,DF,26-332,1997,10.6,599,573,26,15,0,3,6,1,0,0,0,0,526,0,5
2425,Arsenal,Gabriel Martinelli,BRA,"MF,FW",23-150,2001,7.6,213,207,6,0,0,1,24,5,1,1,0,0,152,0,12
2425,Arsenal,Jakub Kiwior,POL,DF,24-274,2000,1.1,34,30,4,2,0,1,0,2,0,0,0,0,26,0,0
2425,Arsenal,Jorginho,ITA,MF,32-331,1991,1.7,73,71,2,1,1,0,0,0,0,0,0,0,62,0,1
2425,Arsenal,Jurriën Timber,NED,DF,23-151,2001,7.6,279,232,46,4,1,0,9,42,0,0,0,0,222,1,7
2425,Arsenal,Kai Havertz,GER,FW,25-157,1999,11.0,252,249,2,0,1,0,5,2,0,0,0,0,189,1,8
2425,Arsenal,Leandro Trossard,BEL,FW,29-347,1994,6.4,183,173,9,2,1,1,10,3,1,1,0,0,133,1,6
2425,Arsenal,Martin Ødegaard,NOR,MF,25-334,1998,3.8,146,136,8,5,5,0,5,1,1,0,0,0,118,2,4
2425,Arsenal,Mikel Merino,ESP,"MF,FW",28-146,1996,3.1,124,123,1,1,2,1,2,0,0,0,0,0,93,0,7
2425,Arsenal,Myles Lewis-Skelly,ENG,DF,18-050,2006,0.2,12,10,2,0,0,0,0,2,0,0,0,0,9,0,0
2425,Arsenal,Oleksandr Zinchenko,UKR,"DF,MF",27-336,1996,1.2,98,85,13,4,0,2,2,9,0,0,0,0,79,0,1
2425,Arsenal,Raheem Sterling,ENG,"MF,FW",29-343,1994,1.4,43,42,0,0,0,0,5,0,0,0,0,0,30,1,1
2425,Arsenal,Reiss Nelson,ENG,FW,24-341,1999,0.0,0,0,0,0,0,0,0,0,0,0,0,0,0,0,0
2425,Arsenal,Riccardo Calafiori,ITA,DF,22-180,2002,4.3,209,186,23,2,0,1,5,21,0,0,0,0,174,0,5
2425,Arsenal,Takehiro Tomiyasu,JPN,DF,26-010,1998,0.1,4,4,0,0,0,0,0,0,0,0,0,0,3,0,0
2425,Arsenal,Thomas Partey,GHA,"MF,DF",31-155,1993,10.8,609,566,41,11,2,1,3,24,0,0,0,0,530,2,6
2425,Arsenal,William Saliba,FRA,DF,23-236,2001,9.3,568,558,9,8,0,2,0,0,0,0,0,0,537,1,2
2425,Aston Villa,Amadou Onana,BEL,MF,23-091,2001,7.8,317,314,2,2,0,0,1,0,0,0,0,0,283,1,7
2425,Aston Villa,Boubacar Kamara,FRA,MF,24-358,1999,0.4,26,26,0,0,0,0,0,0,0,0,0,0,22,0,0
2425,Aston Villa,Diego Carlos,BRA,DF,31-245,1993,5.2,311,296,14,8,0,4,0,0,0,0,0,0,274,1,0
2425,Aston Villa,Emi Buendía,ARG,"MF,FW",27-326,1996,0.3,21,21,0,0,1,0,0,0,0,0,0,0,19,0,0
2425,Aston Villa,Emiliano Martínez,ARG,GK,32-074,1992,11.0,400,329,70,21,0,1,0,0,0,0,0,0,324,1,0
2425,Aston Villa,Ezri Konsa,ENG,DF,27-023,1997,9.1,488,445,43,30,6,0,2,11,0,0,0,0,449,0,7
2425,Aston Villa,Ian Maatsen,NED,DF,22-250,2002,1.8,112,84,28,4,0,0,10,20,4,2,0,0,91,0,6
2425,Aston Villa,Jacob Ramsey,ENG,"FW,MF",23-171,2001,7.0,262,260,1,0,2,1,5,1,0,0,0,0,223,1,6
2425,Aston Villa,Jaden Philogene Bidace,ENG,"FW,MF",22-281,2002,2.2,45,44,1,0,0,0,2,1,0,0,0,0,35,0,3
2425,Aston Villa,Jhon Durán,COL,FW,20-338,2003,3.2,75,70,4,0,2,0,2,0,0,0,0,0,51,1,2
2425,Aston Villa,John McGinn,SCO,"FW,MF",30-028,1994,6.1,183,175,8,3,2,0,17,2,3,1,1,0,144,0,6
2425,Aston Villa,Kosta Nedeljković,SRB,DF,18-335,2005,1.1,36,28,8,1,0,0,1,7,0,0,0,0,31,0,0
2425,Aston Villa,Lamare Bogarde,NED,DF,20-315,2004,1.9,99,86,13,6,0,0,0,7,0,0,0,0,86,0,0
2425,Aston Villa,Leon Bailey,JAM,"FW,MF",27-098,1997,5.6,166,160,5,0,3,0,14,0,5,5,0,0,117,1,11
2425,Aston Villa,Lucas Digne,FRA,DF,31-118,1993,9.3,463,369,94,19,1,1,53,58,17,13,1,0,355,0,17
2425,Aston Villa,Matty Cash,POL,DF,27-100,1997,4.7,226,180,46,8,0,0,6,38,0,0,0,0,185,0,2
2425,Aston Villa,Morgan Rogers,ENG,"MF,FW",22-112,2002,10.0,255,230,25,1,4,2,3,3,0,0,0,0,193,0,14
2425,Aston Villa,Ollie Watkins,ENG,FW,28-321,1995,9.3,109,107,2,0,0,0,2,0,0,0,0,0,81,0,4
2425,Aston Villa,Pau Torres,ESP,DF,27-304,1997,11.0,650,591,57,30,3,2,1,3,0,0,0,0,562,2,2
2425,Aston Villa,Ross Barkley,ENG,MF,30-346,1993,3.1,178,174,3,2,0,2,0,0,0,0,0,0,156,1,2
2425,Aston Villa,Youri Tielemans,BEL,MF,27-192,1997,10.8,712,647,63,28,8,4,53,2,33,29,1,1,584,2,12
2425,Bournemouth,Adam Smith,ENG,DF,33-200,1991,6.7,236,185,51,2,0,0,11,49,0,0,0,0,183,0,6
2425,Bournemouth,Alex Scott,ENG,MF,21-086,2003,2.9,132,128,3,2,0,1,0,0,0,0,0,0,116,1,4
2425,Bournemouth,Antoine Semenyo,GHA,FW,24-313,2000,10.7,315,297,13,1,3,4,17,12,0,0,0,0,223,5,13
2425,Bournemouth,Dango Ouattara,BFA,"FW,DF",22-278,2002,4.6,141,127,14,0,1,2,24,14,0,0,0,0,75,0,9
2425,Bournemouth,Daniel Jebbison,ENG,FW,21-094,2003,0.3,5,5,0,0,0,0,1,0,0,0,0,0,3,0,0
2425,Bournemouth,David Brooks,WAL,"MF,FW",27-130,1997,0.5,19,19,0,0,0,0,4,0,0,0,0,0,13,0,1
2425,Bournemouth,Dean Huijsen,ESP,DF,19-215,2005,2.4,153,151,2,1,0,1,0,1,0,0,0,0,128,0,1
2425,Bournemouth,Enes Ünal,TUR,"FW,MF",27-189,1997,1.7,37,37,0,0,1,1,1,0,0,0,0,0,22,0,1
2425,Bournemouth,Evanilson,BRA,FW,25-040,1999,7.9,98,97,1,0,1,2,0,0,0,0,0,0,64,0,6
2425,Bournemouth,Illia Zabarnyi,UKR,DF,22-075,2002,11.0,532,518,14,11,0,1,0,0,0,0,0,0,446,0,2
2425,Bournemouth,Julian Araujo,MEX,DF,23-094,2001,3.9,166,141,25,1,0,0,4,24,0,0,0,0,131,0,2
2425,Bournemouth,Justin Kluivert,NED,"MF,FW",25-194,1999,6.9,178,164,11,0,2,2,17,2,1,0,0,0,127,3,6
2425,Bournemouth,Kepa Arrizabalaga,ESP,GK,30-043,1994,6.0,192,141,50,13,0,0,0,0,0,0,0,0,148,1,0
2425,Bournemouth,Lewis Cook,ENG,MF,27-286,1997,10.9,513,445,67,28,3,1,53,1,37,31,2,0,386,1,11
2425,Bournemouth,Luis Sinisterra,COL,"FW,MF",25-151,1999,2.3,70,69,0,0,0,1,5,0,0,0,0,0,54,1,3
2425,Bournemouth,Marcos Senesi,ARG,DF,27-189,1997,8.6,484,459,20,16,0,1,6,4,0,0,0,0,369,5,1
2425,Bournemouth,Marcus Tavernier,ENG,"MF,FW",25-238,1999,8.9,339,277,59,14,3,0,55,9,24,21,1,0,239,3,12
2425,Bournemouth,Mark Travers,IRL,GK,25-181,1999,3.0,72,44,28,5,0,0,0,0,0,0,0,0,51,0,0
2425,Bournemouth,Milos Kerkez,HUN,DF,21-008,2003,10.3,443,373,69,5,0,0,28,64,0,0,0,0,347,1,9
2425,Bournemouth,Neto,BRA,GK,35-119,1989,2.0,62,42,19,4,0,0,0,0,0,0,0,0,40,1,0
2425,Bournemouth,Philip Billing,DEN,MF,28-157,1996,0.3,13,10,2,0,0,0,3,1,1,1,0,0,6,1,0
2425,Bournemouth,Ryan Christie,SCO,MF,29-267,1995,7.8,324,305,18,7,1,1,9,2,6,2,1,0,270,1,6
2425,Bournemouth,Tyler Adams,USA,MF,25-275,1999,1.1,48,46,2,2,0,0,0,0,0,0,0,0,38,0,2
2425,Brentford,Ben Mee,ENG,"DF,FW",35-055,1989,0.1,4,4,0,0,0,0,0,0,0,0,0,0,1,0,0
2425,Brentford,Bryan Mbeumo,CMR,FW,25-100,1999,10.9,361,316,43,10,4,2,48,7,22,16,1,0,252,2,15
2425,Brentford,Christian Nørgaard,DEN,MF,30-250,1994,8.6,368,357,8,3,1,0,1,5,0,0,0,0,297,3,7
2425,Brentford,Ethan Pinnock,JAM,DF,31-170,1993,11.0,610,544,66,6,0,0,4,22,0,0,0,0,519,0,5
2425,Brentford,Fabio Carvalho,POR,"FW,MF",22-077,2002,3.2,104,92,11,3,0,0,6,1,5,2,0,0,69,1,6
2425,Brentford,Frank Onyeka,NGA,MF,26-319,1998,0.3,7,7,0,0,0,0,0,0,0,0,0,0,6,0,0
2425,Brentford,Keane Lewis-Potter,ENG,"FW,DF",23-267,2001,8.5,227,208,16,3,0,3,22,12,0,0,0,0,175,3,10
2425,Brentford,Kevin Schade,GER,"FW,MF",22-354,2001,5.4,107,102,5,0,0,1,10,3,0,0,0,0,60,0,4
2425,Brentford,Kristoffer Ajer,NOR,DF,26-212,1998,7.1,300,267,32,2,0,3,5,30,0,0,0,0,236,1,10
2425,Brentford,Mads Roerslev,DEN,DF,25-144,1999,5.0,251,222,29,1,0,1,13,28,0,0,0,0,201,0,6
2425,Brentford,Mark Flekken,NED,GK,31-155,1993,11.0,569,478,89,39,0,5,0,0,0,0,0,0,438,2,0
2425,Brentford,Mathias Jensen,DEN,MF,28-319,1996,3.9,179,144,35,6,0,2,17,19,7,6,0,0,130,0,2
2425,Brentford,Mikkel Damsgaard,DEN,"MF,FW",24-135,2000,8.8,380,344,34,4,6,2,33,3,14,14,0,0,274,2,8
2425,Brentford,Nathan Collins,IRL,DF,23-199,2001,11.0,645,612,33,24,0,4,2,6,0,0,0,0,547,0,2
2425,Brentford,Ryan Trevitt,ENG,MF,21-248,2003,0.0,7,6,0,0,0,0,0,0,0,0,0,0,4,1,1
2425,Brentford,Sepp van den Berg,NED,DF,22-331,2001,8.1,370,333,37,3,0,0,6,34,0,0,0,0,301,0,2
2425,Brentford,Vitaly Janelt,GER,MF,26-189,1998,10.0,418,402,13,7,2,4,14,6,0,0,0,0,349,3,3
2425,Brentford,Yehor Yarmoliuk,UKR,MF,20-259,2004,1.6,107,106,1,0,1,0,4,1,0,0,0,0,86,0,1
2425,Brentford,Yoane Wissa,COD,FW,28-073,1996,6.3,139,128,11,2,2,0,2,0,1,0,0,0,112,0,2
2425,Brentford,Yunus Emre Konak,TUR,"MF,FW",18-310,2006,0.2,16,15,1,0,0,0,0,1,0,0,0,0,12,0,1
2425,Brighton,Adam Webster,ENG,DF,29-316,1995,0.9,78,78,0,0,0,0,1,0,0,0,0,0,69,0,2
2425,Brighton,Bart Verbruggen,NED,GK,22-089,2002,9.0,357,315,39,14,0,0,0,0,0,0,0,0,290,3,1
2425,Brighton,Billy Gilmour,SCO,MF,23-157,2001,1.1,67,65,2,1,1,2,1,0,1,1,0,0,58,0,0
2425,Brighton,Brajan Gruda,GER,MF,20-168,2004,0.7,22,19,3,0,0,0,2,0,2,0,2,0,17,0,0
2425,Brighton,Carlos Baleba,CMR,MF,20-317,2004,6.9,303,300,2,2,2,2,1,0,0,0,0,0,270,1,2
2425,Brighton,Danny Welbeck,ENG,FW,33-355,1990,10.3,213,204,9,0,0,0,2,1,0,0,0,0,175,0,7
2425,Brighton,Evan Ferguson,IRL,FW,20-027,2004,1.2,23,23,0,0,0,0,0,0,0,0,0,0,15,0,0
2425,Brighton,Ferdi Kadioglu,TUR,"DF,MF",25-039,1999,4.3,175,157,17,2,1,0,9,15,0,0,0,0,144,1,1
2425,Brighton,Georginio Rutter,FRA,"FW,MF",22-209,2002,6.7,150,143,6,0,7,0,5,0,0,0,0,0,110,1,7
2425,Brighton,Igor,BRA,DF,26-282,1998,5.3,352,321,29,7,0,2,0,1,0,0,0,0,326,2,2
2425,Brighton,Jack Hinshelwood,ENG,"MF,DF",19-218,2005,9.3,495,430,65,20,0,7,21,30,8,4,1,1,410,0,5
2425,Brighton,Jakub Moder,POL,MF,25-222,1999,0.1,13,13,0,0,0,0,0,0,0,0,0,0,11,0,0
2425,Brighton,James Milner,ENG,MF,38-316,1986,1.9,73,62,11,4,2,0,8,0,6,2,3,0,55,0,1
2425,Brighton,Jan Paul van Hecke,NED,DF,24-160,2000,8.1,639,610,29,27,2,5,3,0,0,0,0,0,588,0,3
2425,Brighton,Jason Steele,ENG,GK,34-089,1990,2.0,112,104,8,6,0,0,0,0,0,0,0,0,101,0,0
2425,Brighton,Jeremy Sarmiento,ECU,MF,22-152,2002,0.1,6,6,0,0,0,0,0,0,0,0,0,0,6,0,0
2425,Brighton,João Pedro,BRA,"MF,FW",23-050,2001,3.4,115,108,7,1,1,1,4,3,1,0,0,0,85,0,3
2425,Brighton,Joël Veltman,NED,DF,32-305,1992,9.6,476,383,92,17,1,1,11,75,0,0,0,0,378,1,18
2425,Brighton,Julio Enciso,PAR,"MF,FW",20-297,2004,1.0,58,47,11,3,0,0,13,0,8,3,3,0,39,0,2
2425,Brighton,Kaoru Mitoma,JPN,"FW,MF",27-179,1997,10.2,357,351,5,0,3,0,32,5,0,0,0,0,265,1,14
2425,Brighton,Lewis Dunk,ENG,DF,32-360,1991,7.8,645,589,56,27,1,3,2,6,0,0,0,0,587,0,3
2425,Brighton,Mats Wieffer,NED,MF,24-365,1999,2.6,178,176,2,2,0,1,1,0,0,0,0,0,148,0,5
2425,Brighton,Matt O'Riley,DEN,MF,23-360,2000,0.4,9,8,1,1,0,0,0,0,0,0,0,0,7,0,0
2425,Brighton,Pervis Estupiñán,ECU,DF,26-299,1998,5.8,370,312,58,5,0,1,37,37,16,9,5,0,306,0,8
2425,Brighton,Simon Adingra,CIV,"FW,MF",22-319,2002,2.3,83,79,3,0,0,0,10,3,0,0,0,0,57,1,3
2425,Brighton,Tariq Lamptey,GHA,DF,24-046,2000,0.1,4,4,0,0,0,0,0,0,0,0,0,0,4,0,0
2425,Brighton,Yankuba Minteh,GAM,"FW,MF",20-116,2004,4.5,130,117,12,4,1,1,28,1,7,4,3,0,79,1,10
2425,Brighton,Yasin Ayari,SWE,MF,21-040,2003,5.5,217,199,18,6,4,1,21,0,11,7,3,0,165,0,6
2425,Chelsea,Axel Disasi,FRA,DF,26-249,1998,1.0,74,60,14,6,0,0,0,8,0,0,0,0,64,0,1
2425,Chelsea,Benoît Badiashile,FRA,DF,23-234,2001,0.4,43,41,2,2,0,0,0,0,0,0,0,0,42,0,0
2425,Chelsea,Christopher Nkunku,FRA,FW,27-001,1997,1.8,71,69,2,0,0,1,1,0,2,0,0,0,66,0,0
2425,Chelsea,Cole Palmer,ENG,"MF,FW",22-193,2002,10.6,433,366,66,14,7,6,49,6,30,21,4,0,318,1,12
2425,Chelsea,Enzo Fernández,ARG,MF,23-303,2001,6.8,385,357,27,11,3,6,16,1,14,11,0,0,308,1,9
2425,Chelsea,Jadon Sancho,ENG,FW,24-235,2000,3.4,132,128,4,1,5,0,2,3,0,0,0,0,107,0,4
2425,Chelsea,João Félix,POR,"MF,FW",25-005,1999,1.4,72,69,2,0,0,0,0,2,0,0,0,0,59,1,1
2425,Chelsea,Kiernan Dewsbury-Hall,ENG,MF,26-070,1998,0.5,37,37,0,0,0,0,0,0,0,0,0,0,29,0,0
2425,Chelsea,Levi Colwill,ENG,DF,21-263,2003,11.0,772,712,58,28,3,5,0,1,0,0,0,0,688,2,9
2425,Chelsea,Malo Gusto,FRA,DF,21-180,2003,8.1,446,390,55,18,1,2,21,37,0,0,0,0,375,1,14
2425,Chelsea,Marc Cucurella,ESP,DF,26-116,1998,8.2,441,383,58,9,1,0,9,49,0,0,0,0,392,0,1
2425,Chelsea,Marc Guiu,ESP,FW,18-316,2006,0.3,4,3,1,0,0,0,0,0,0,0,0,0,3,0,0
2425,Chelsea,Moisés Caicedo,ECU,MF,23-013,2001,10.8,591,578,12,11,5,4,5,1,0,0,0,0,519,1,10
2425,Chelsea,Mykhailo Mudryk,UKR,FW,23-315,2001,1.7,42,40,2,0,1,0,7,0,2,0,0,0,28,0,1
2425,Chelsea,Nicolas Jackson,SEN,FW,23-148,2001,9.6,157,146,9,1,0,0,1,2,0,0,0,0,116,2,3
2425,Chelsea,Noni Madueke,ENG,FW,22-250,2002,8.4,229,220,5,0,0,1,16,5,0,0,0,0,180,4,8
2425,Chelsea,Pedro Neto,POR,FW,24-251,2000,6.2,225,210,14,2,0,0,31,4,8,3,0,0,182,1,7
2425,Chelsea,Reece James,ENG,DF,24-343,1999,2.7,221,185,36,13,3,1,15,15,8,7,0,0,183,0,1
2425,Chelsea,Renato Veiga,POR,"DF,MF",21-109,2003,1.9,130,118,12,5,0,0,0,7,0,0,0,0,111,0,1
2425,Chelsea,Robert Sánchez,ESP,GK,26-363,1997,11.0,458,395,62,26,0,1,0,0,0,0,0,0,351,1,1
2425,Chelsea,Roméo Lavia,BEL,MF,20-314,2004,3.7,179,177,2,2,1,2,0,0,0,0,0,0,166,0,1
2425,Chelsea,Tosin Adarabioyo,ENG,DF,27-052,1997,1.9,151,140,10,6,0,0,0,0,0,0,0,0,138,1,1
2425,Chelsea,Wesley Fofana,FRA,DF,23-334,2000,9.6,577,555,21,15,0,0,1,5,0,0,0,0,514,1,4
2425,Crystal Palace,Adam Wharton,ENG,MF,20-166,2004,6.9,362,340,21,8,2,1,16,0,13,8,1,0,285,1,6
2425,Crystal Palace,Asher Agbinone,ENG,MF,19-048,2005,0.1,3,3,0,0,0,0,1,0,0,0,0,0,2,0,0
2425,Crystal Palace,Caleb Kporha,ENG,DF,18-123,2006,0.0,5,4,1,0,0,0,2,1,0,0,0,0,3,0,0
2425,Crystal Palace,Chadi Riad,MAR,DF,21-151,2003,1.0,82,82,0,0,0,1,0,0,0,0,0,0,70,0,2
2425,Crystal Palace,Cheick Doucouré,MLI,MF,24-312,2000,1.5,66,66,0,0,0,0,0,0,0,0,0,0,61,0,2
2425,Crystal Palace,Chris Richards,USA,DF,24-232,2000,3.8,152,148,3,2,0,1,0,1,0,0,0,0,127,1,2
2425,Crystal Palace,Daichi Kamada,JPN,MF,28-102,1996,6.9,308,295,13,4,2,2,13,2,7,4,0,0,244,0,8
2425,Crystal Palace,Daniel Muñoz,COL,"DF,MF",28-173,1996,10.0,465,377,87,16,0,1,21,69,2,0,0,0,350,1,13
2425,Crystal Palace,Dean Henderson,ENG,GK,27-248,1997,11.0,333,221,111,23,0,0,0,0,0,0,0,0,212,1,0
2425,Crystal Palace,Eberechi Eze,ENG,"MF,FW",26-139,1998,9.0,375,307,61,26,3,3,30,2,17,8,4,0,283,7,10
2425,Crystal Palace,Eddie Nketiah,ENG,"MF,FW",25-169,1999,5.4,122,120,2,0,0,0,5,1,0,0,0,0,88,0,8
2425,Crystal Palace,Ismaila Sarr,SEN,"MF,FW",26-264,1998,5.4,146,143,2,0,1,0,18,2,0,0,0,0,98,1,6
2425,Crystal Palace,Jean-Philippe Mateta,FRA,FW,27-140,1997,8.4,127,124,3,0,1,0,8,0,0,0,0,0,83,0,5
2425,Crystal Palace,Jefferson Lerma,COL,"MF,DF",30-021,1994,4.6,246,235,10,4,2,1,1,6,0,0,0,0,192,1,1
2425,Crystal Palace,Jeffrey Schlupp,GHA,"MF,DF",31-328,1992,0.8,41,38,3,0,0,0,3,3,0,0,0,0,33,0,0
2425,Crystal Palace,Joachim Andersen,DEN,DF,28-168,1996,1.0,83,81,2,1,0,0,1,0,1,0,0,0,61,0,0
2425,Crystal Palace,Jordan Ayew,GHA,"FW,MF",33-065,1991,0.2,10,8,2,0,0,1,1,0,1,1,0,0,8,0,0
2425,Crystal Palace,Justin Devenny,NIR,MF,21-035,2003,0.8,26,22,4,2,0,0,1,0,0,0,0,0,20,0,1
2425,Crystal Palace,Marc Guéhi,ENG,DF,24-125,2000,11.0,603,568,32,29,1,5,1,2,0,0,0,0,513,3,3
2425,Crystal Palace,Maxence Lacroix,FRA,DF,24-223,2000,8.0,376,366,10,8,1,3,3,2,0,0,0,0,297,0,2
2425,Crystal Palace,Nathaniel Clyne,ENG,"DF,MF",33-224,1991,3.3,122,115,7,0,1,1,1,5,0,0,0,0,90,0,6
2425,Crystal Palace,Odsonne Édouard,FRA,"MF,FW",26-304,1998,1.3,28,28,0,0,0,0,1,0,0,0,0,0,17,0,2
2425,Crystal Palace,Trevoh Chalobah,ENG,DF,25-133,1999,5.0,172,165,7,5,0,0,4,2,0,0,0,0,132,0,2
2425,Crystal Palace,Tyrick Mitchell,ENG,"DF,MF",25-075,1999,10.4,478,401,76,3,0,0,43,73,0,0,0,0,344,1,14
2425,Crystal Palace,Will Hughes,ENG,MF,29-212,1995,5.1,232,208,21,4,0,1,19,0,14,8,1,0,174,3,3
2425,Everton,Abdoulaye Doucouré,MLI,MF,31-319,1993,7.2,266,256,9,2,0,1,6,0,0,0,0,0,219,1,10
2425,Everton,Ashley Young,ENG,DF,39-129,1985,8.7,446,350,93,4,2,1,17,89,0,0,0,0,326,3,9
2425,Everton,Beto,GNB,FW,26-289,1998,1.1,13,11,2,0,0,1,0,0,0,0,0,0,4,0,0
2425,Everton,Dominic Calvert-Lewin,ENG,FW,27-244,1997,10.0,153,153,0,0,0,1,3,0,0,0,0,0,90,0,9
2425,Everton,Dwight McNeil,ENG,"MF,FW",24-359,1999,9.9,371,300,69,24,7,5,65,3,30,18,4,4,270,2,12
2425,Everton,Harrison Armstrong,ENG,MF,17-301,2007,0.0,4,3,0,0,0,0,1,0,0,0,0,0,1,1,0
2425,Everton,Idrissa Gana Gueye,SEN,MF,35-050,1989,8.2,333,323,9,2,2,0,3,2,0,0,0,0,283,1,8
2425,Everton,Iliman Ndiaye,SEN,FW,24-254,2000,9.0,237,232,5,0,0,0,11,3,1,1,0,0,192,0,7
2425,Everton,Jack Harrison,ENG,FW,27-361,1996,7.0,177,170,4,1,1,0,20,2,0,0,0,0,119,3,9
2425,Everton,Jake O'Brien,IRL,DF,23-184,2001,0.3,15,11,4,0,0,0,0,4,0,0,0,0,12,0,0
2425,Everton,James Garner,ENG,"DF,MF",23-247,2001,2.8,102,78,22,0,0,0,6,22,0,0,0,0,68,2,8
2425,Everton,James Tarkowski,ENG,DF,31-362,1992,11.0,417,399,16,14,0,6,0,0,0,0,0,0,332,2,7
2425,Everton,Jarrad Branthwaite,ENG,DF,22-141,2002,2.1,84,84,0,0,0,0,0,0,0,0,0,0,66,0,2
2425,Everton,Jesper Lindstrøm,DEN,FW,24-260,2000,3.9,134,112,20,5,1,0,29,1,14,7,4,1,89,2,6
2425,Everton,Jordan Pickford,ENG,GK,30-253,1994,11.0,430,278,147,61,0,1,0,0,0,0,0,0,267,5,0
2425,Everton,Mason Holgate,ENG,"FW,DF",28-024,1996,0.1,2,0,2,0,0,0,0,2,0,0,0,0,2,0,0
2425,Everton,Michael Keane,ENG,DF,31-309,1993,9.0,308,303,1,1,0,11,1,0,0,0,0,0,253,4,5
2425,Everton,Orel Mangala,BEL,MF,26-242,1998,5.1,192,189,3,3,0,0,2,0,0,0,0,0,170,0,4
2425,Everton,Roman Dixon,ENG,DF,19-325,2004,1.0,19,16,3,0,0,0,0,3,0,0,0,0,11,0,0
2425,Everton,Séamus Coleman,IRL,DF,36-035,1988,1.0,43,32,11,0,0,0,1,11,0,0,0,0,32,0,0
2425,Everton,Tim Iroegbunam,ENG,MF,21-138,2003,4.3,99,97,0,0,0,0,0,0,0,0,0,0,70,2,4
2425,Everton,Vitaliy Mykolenko,UKR,DF,25-170,1999,8.3,344,265,76,5,0,0,22,71,0,0,0,0,258,3,7
2425,Fulham,Adama Traoré,ESP,"FW,MF",28-295,1996,8.0,245,245,0,0,1,1,37,0,0,0,0,0,178,0,5
2425,Fulham,Alex Iwobi,NGA,FW,28-196,1996,10.5,487,471,12,2,7,7,36,7,2,0,1,0,373,4,15
2425,Fulham,Andreas Pereira,BRA,MF,28-319,1996,9.3,454,360,91,20,2,4,78,3,52,23,25,0,317,3,7
2425,Fulham,Antonee Robinson,USA,DF,27-099,1997,11.0,608,508,96,4,0,0,43,92,0,0,0,0,477,4,16
2425,Fulham,Bernd Leno,GER,GK,32-256,1992,11.0,433,366,67,26,0,0,0,0,0,0,0,0,360,0,0
2425,Fulham,Calvin Bassey,NGA,DF,24-320,1999,11.0,688,638,49,15,0,4,1,0,0,0,0,0,615,1,5
2425,Fulham,Emile Smith Rowe,ENG,MF,24-110,2000,8.8,440,429,9,4,2,1,5,1,0,0,0,0,397,2,9
2425,Fulham,Harrison Reed,ENG,MF,29-293,1995,0.7,39,34,5,3,0,0,5,0,1,0,1,0,28,0,3
2425,Fulham,Harry Wilson,WAL,"FW,MF",27-238,1997,0.9,47,38,9,6,1,1,4,0,3,1,0,0,36,0,2
2425,Fulham,Issa Diop,FRA,DF,27-311,1997,4.4,244,232,12,12,0,1,0,0,0,0,0,0,210,0,1
2425,Fulham,Jay Stansfield,ENG,MF,21-357,2002,0.0,0,0,0,0,0,0,0,0,0,0,0,0,0,0,0
2425,Fulham,Joachim Andersen,DEN,DF,28-168,1996,6.7,491,460,29,25,0,13,1,3,0,0,0,0,408,2,1
2425,Fulham,Jorge Cuenca,ESP,DF,24-364,1999,0.0,2,2,0,0,0,0,0,0,0,0,0,0,1,0,0
2425,Fulham,Kenny Tete,NED,DF,29-037,1995,10.6,559,464,93,3,0,1,16,90,0,0,0,0,457,2,15
2425,Fulham,Raúl Jiménez,MEX,FW,33-194,1991,7.4,154,154,0,0,3,1,5,0,0,0,0,0,110,0,6
2425,Fulham,Reiss Nelson,ENG,FW,24-341,1999,3.2,164,159,4,0,1,0,15,1,3,2,1,0,139,1,1
2425,Fulham,Rodrigo Muniz,BRA,FW,23-195,2001,3.6,35,33,2,0,0,0,0,0,0,0,0,0,26,0,2
2425,Fulham,Sander Berge,NOR,MF,26-275,1998,5.8,305,290,15,14,1,0,0,1,0,0,0,0,275,0,3
2425,Fulham,Saša Lukić,SRB,MF,28-094,1996,6.1,307,294,13,12,0,2,2,0,1,0,1,0,280,0,5
2425,Fulham,Timothy Castagne,BEL,DF,28-346,1995,0.4,27,22,5,1,0,0,1,4,0,0,0,0,21,0,0
2425,Fulham,Tom Cairney,SCO,MF,33-300,1991,1.4,134,131,3,0,0,0,6,0,3,0,3,0,124,0,4
2425,Ipswich Town,Ali Al Hamadi,IRQ,FW,22-259,2002,0.4,4,4,0,0,0,0,0,0,0,0,0,0,3,0,0
2425,Ipswich Town,Arijanet Muric,KVX,GK,26-008,1998,10.0,335,255,79,23,0,1,0,0,0,0,0,0,233,1,0
2425,Ipswich Town,Axel Tuanzebe,COD,DF,27-001,1997,6.7,258,205,53,15,0,1,3,38,0,0,0,0,212,0,2
2425,Ipswich Town,Ben Johnson,ENG,"DF,FW",24-296,2000,4.5,163,122,41,5,1,0,8,35,1,1,0,0,120,0,8
2425,Ipswich Town,Cameron Burgess,AUS,DF,29-025,1995,4.0,199,180,18,9,1,0,0,0,0,0,0,0,154,1,2
2425,Ipswich Town,Chiedozie Ogbene,IRL,FW,27-198,1997,2.6,43,43,0,0,0,0,4,0,0,0,0,0,32,0,5
2425,Ipswich Town,Christian Walton,ENG,GK,29-006,1995,1.0,42,32,10,4,0,0,0,0,0,0,0,0,33,0,0
2425,Ipswich Town,Conor Chaplin,ENG,"MF,FW",27-273,1997,3.1,105,95,10,2,5,0,6,0,0,0,0,0,77,0,1
2425,Ipswich Town,Conor Townsend,ENG,MF,31-256,1993,0.0,0,0,0,0,0,0,0,0,0,0,0,0,0,0,0
2425,Ipswich Town,Dara O'Shea,IRL,DF,25-256,1999,7.7,350,339,10,6,0,6,2,4,0,0,0,0,269,1,2
2425,Ipswich Town,George Edmundson,ENG,DF,27-076,1997,0.0,2,2,0,0,0,0,0,0,0,0,0,0,1,0,1
2425,Ipswich Town,George Hirst,ENG,FW,25-274,1999,2.0,42,42,0,0,0,0,1,0,0,0,0,0,22,0,2
2425,Ipswich Town,Harry Clarke,ENG,DF,23-258,2001,1.1,53,45,8,0,0,0,2,8,0,0,0,0,42,0,1
2425,Ipswich Town,Jack Clarke,ENG,FW,23-358,2000,4.0,110,100,9,2,0,1,7,2,3,3,0,0,78,1,7
2425,Ipswich Town,Jack Taylor,IRL,MF,26-145,1998,1.5,90,88,2,1,1,0,1,0,1,1,0,0,75,0,2
2425,Ipswich Town,Jacob Greaves,ENG,DF,24-064,2000,7.0,312,290,20,14,0,0,0,2,0,0,0,0,277,2,1
2425,Ipswich Town,Jens Cajuste,SWE,MF,25-097,1999,3.0,91,83,8,1,1,0,3,7,0,0,0,0,69,0,1
2425,Ipswich Town,Kalvin Phillips,ENG,MF,28-349,1995,6.0,269,245,23,13,1,3,13,0,10,8,1,1,211,1,4
2425,Ipswich Town,Leif Davis,ENG,DF,24-308,2000,11.0,462,340,119,22,3,0,60,58,39,25,7,0,337,3,9
2425,Ipswich Town,Liam Delap,ENG,FW,21-281,2003,8.6,83,79,3,0,2,1,0,1,0,0,0,0,50,1,4
2425,Ipswich Town,Luke Woolfenden,ENG,DF,26-025,1998,4.2,216,208,6,5,0,2,0,1,0,0,0,0,190,2,0
2425,Ipswich Town,Marcus Harness,ENG,MF,28-265,1996,0.5,16,16,0,0,0,0,0,0,0,0,0,0,10,0,1
2425,Ipswich Town,Massimo Luongo,AUS,MF,32-051,1992,1.6,45,43,1,1,0,0,0,0,0,0,0,0,32,1,1
2425,Ipswich Town,Omari Hutchinson,ENG,"MF,FW",21-016,2003,9.7,279,257,19,0,3,2,21,0,0,0,0,0,211,3,19
2425,Ipswich Town,Sam Morsy,EGY,MF,33-066,1991,9.9,502,486,14,13,1,1,4,0,0,0,0,0,448,2,8
2425,Ipswich Town,Sammie Szmodics,IRL,"FW,MF",29-052,1995,6.0,104,102,2,1,0,0,6,0,0,0,0,0,76,0,4
2425,Ipswich Town,Wes Burns,WAL,FW,29-358,1994,4.5,109,101,8,1,0,1,16,7,0,0,0,0,74,0,7
2425,Leicester City,Abdul Fatawu Issahaku,GHA,FW,20-252,2004,6.4,197,186,11,1,2,2,30,9,1,0,0,0,123,0,18
2425,Leicester City,Bilal El Khannouss,MAR,"MF,FW",20-189,2004,2.2,117,100,16,2,0,0,6,3,5,5,0,0,95,1,1
2425,Leicester City,Bobby Reid,JAM,FW,31-287,1993,1.8,54,53,1,0,0,0,2,0,0,0,0,0,39,0,4
2425,Leicester City,Boubakary Soumaré,FRA,MF,25-262,1999,1.6,98,97,1,0,0,0,0,1,0,0,0,0,86,0,1
2425,Leicester City,Caleb Okoli,ITA,DF,23-125,2001,7.0,372,347,25,12,0,2,1,0,0,0,0,0,332,0,2
2425,Leicester City,Conor Coady,ENG,DF,31-264,1993,0.1,2,2,0,0,0,0,0,0,0,0,0,0,1,0,0
2425,Leicester City,Facundo Buonanotte,ARG,"MF,FW",19-328,2004,8.1,293,258,34,10,5,2,24,8,12,9,0,0,229,1,5
2425,Leicester City,Hamza Choudhury,ENG,MF,27-045,1997,0.2,3,3,0,0,0,0,1,0,0,0,0,0,0,0,1
2425,Leicester City,Harry Winks,ENG,MF,28-287,1996,9.5,557,499,56,33,0,2,25,2,16,11,3,0,482,2,6
2425,Leicester City,James Justin,ENG,DF,26-266,1998,9.9,487,400,86,7,0,1,16,79,0,0,0,0,393,1,7
2425,Leicester City,Jamie Vardy,ENG,FW,37-309,1987,9.4,115,98,15,0,1,0,4,0,0,0,0,0,72,2,5
2425,Leicester City,Jannik Vestergaard,DEN,DF,32-104,1992,4.0,224,217,7,4,0,0,0,0,0,0,0,0,203,0,1
2425,Leicester City,Jordan Ayew,GHA,"FW,MF",33-065,1991,5.5,137,134,3,1,1,1,11,1,0,0,0,0,106,0,4
2425,Leicester City,Kasey McAteer,IRL,"FW,DF",22-359,2001,0.4,33,30,3,0,0,0,2,3,0,0,0,0,24,0,1
2425,Leicester City,Mads Hermansen,DEN,GK,24-127,2000,11.0,398,294,102,35,0,1,0,0,0,0,0,0,274,2,0
2425,Leicester City,Odsonne Édouard,FRA,FW,26-304,1998,0.3,8,8,0,0,0,0,0,0,0,0,0,0,6,0,1
2425,Leicester City,Oliver Skipp,ENG,MF,24-060,2000,4.5,162,161,1,1,2,0,0,0,0,0,0,0,142,0,4
2425,Leicester City,Ricardo Pereira,POR,DF,31-040,1993,1.6,88,74,14,2,0,0,1,12,0,0,0,0,76,0,1
2425,Leicester City,Stephy Mavididi,ENG,FW,26-168,1998,6.8,214,203,8,2,3,0,19,4,2,0,1,0,156,3,6
2425,Leicester City,Victor Bernth Kristiansen,DEN,DF,21-335,2002,9.5,493,388,100,20,0,1,27,77,3,2,1,0,383,5,4
2425,Leicester City,Wilfred Ndidi,NGA,MF,27-335,1996,10.2,415,406,8,3,4,1,11,5,0,0,0,0,329,1,9
2425,Leicester City,Wout Faes,BEL,DF,26-226,1998,11.0,548,527,20,13,1,3,2,2,0,0,0,0,475,1,5
2425,Liverpool,Alexis Mac Allister,ARG,MF,25-327,1998,8.6,461,450,10,7,2,2,2,3,0,0,0,0,399,1,11
2425,Liverpool,Alisson,BRA,GK,32-044,1992,5.9,216,196,20,7,0,0,0,0,0,0,0,0,180,0,0
2425,Liverpool,Andrew Robertson,SCO,DF,30-249,1994,8.4,595,483,111,16,2,2,42,67,28,19,5,0,494,1,11
2425,Liverpool,Caoimhín Kelleher,IRL,GK,25-358,1998,5.0,186,167,19,10,0,0,0,0,0,0,0,0,140,0,1
2425,Liverpool,Cody Gakpo,NED,FW,25-192,1999,4.7,162,157,5,1,1,3,18,3,1,0,0,0,124,0,5
2425,Liverpool,Conor Bradley,NIR,DF,21-129,2003,1.6,139,118,21,3,0,1,1,18,0,0,0,0,122,0,2
2425,Liverpool,Curtis Jones,ENG,MF,23-290,2001,4.6,218,208,9,1,0,0,1,4,0,0,0,0,202,1,1
2425,Liverpool,Darwin Núñez,URU,FW,25-144,1999,4.7,82,82,0,0,1,1,1,0,0,0,0,0,61,0,6
2425,Liverpool,Diogo Jota,POR,FW,27-347,1996,5.5,109,107,1,0,0,2,4,1,0,0,0,0,73,1,7
2425,Liverpool,Dominik Szoboszlai,HUN,MF,24-021,2000,8.3,423,388,35,9,2,5,8,11,2,1,1,0,364,0,6
2425,Liverpool,Federico Chiesa,ITA,FW,27-021,1997,0.2,8,8,0,0,0,0,0,0,0,0,0,0,7,0,0
2425,Liverpool,Harvey Elliott,ENG,FW,21-225,2003,0.1,14,12,1,0,0,0,0,1,0,0,0,0,12,1,0
2425,Liverpool,Ibrahima Konaté,FRA,DF,25-174,1999,9.8,671,656,14,14,0,1,0,0,0,0,0,0,612,1,2
2425,Liverpool,Jarell Quansah,ENG,DF,21-291,2003,0.5,28,27,1,1,0,0,0,0,0,0,0,0,25,0,0
2425,Liverpool,Joe Gomez,ENG,DF,27-176,1997,0.6,35,32,3,2,0,1,0,1,0,0,0,0,27,0,0
2425,Liverpool,Kostas Tsimikas,GRE,DF,28-187,1996,2.6,209,173,36,3,1,1,13,23,10,10,0,0,180,0,2
2425,Liverpool,Luis Díaz,COL,FW,27-307,1997,7.2,246,238,7,1,0,0,6,6,0,0,0,0,210,1,6
2425,Liverpool,Mohamed Salah,EGY,FW,32-153,1992,10.7,346,335,8,3,1,2,17,5,0,0,0,0,248,3,12
2425,Liverpool,Ryan Gravenberch,NED,MF,22-183,2002,11.0,662,652,10,9,3,1,1,1,0,0,0,0,587,0,7
2425,Liverpool,Trent Alexander-Arnold,ENG,DF,26-039,1998,9.6,614,489,123,31,5,8,48,69,23,18,3,0,429,2,7
2425,Liverpool,Virgil van Dijk,NED,DF,33-130,1991,11.0,924,855,68,21,0,10,0,4,0,0,0,0,844,1,3
2425,Liverpool,Vitezslav Jaros,CZE,GK,23-115,2001,0.1,8,7,1,0,0,0,0,0,0,0,0,0,6,0,0
2425,Liverpool,Wataru Endo,JPN,MF,31-280,1993,0.2,18,18,0,0,0,0,0,0,0,0,0,0,17,0,0
2425,Manchester City,Bernardo Silva,POR,"MF,FW",30-097,1994,9.3,530,483,46,18,2,1,22,18,6,2,0,0,458,1,14
2425,Manchester City,Ederson,BRA,GK,31-090,1993,11.0,405,359,46,17,0,1,0,0,0,0,0,0,351,0,1
2425,Manchester City,Erling Haaland,NOR,FW,24-117,2000,11.0,110,107,2,0,0,0,1,0,0,0,0,0,71,1,4
2425,Manchester City,Jack Grealish,ENG,"FW,MF",29-066,1995,3.8,202,194,8,0,0,0,13,2,6,2,0,0,172,0,6
2425,Manchester City,Jahmai Simpson-Pusey,ENG,DF,19-011,2005,1.0,107,102,5,3,0,0,0,1,0,0,0,0,99,0,0
2425,Manchester City,James Mcatee,ENG,FW,22-028,2002,0.0,4,4,0,0,0,0,0,0,0,0,0,0,4,0,0
2425,Manchester City,Jeremy Doku,BEL,"FW,MF",22-172,2002,4.5,219,215,2,0,3,0,20,0,2,0,0,0,174,2,12
2425,Manchester City,John Stones,ENG,"DF,MF",30-171,1994,2.7,166,165,1,1,0,0,0,0,0,0,0,0,144,0,2
2425,Manchester City,Joško Gvardiol,CRO,DF,22-297,2002,10.5,834,772,61,12,1,1,6,49,0,0,0,0,774,1,12
2425,Manchester City,Kevin De Bruyne,BEL,MF,33-140,1991,4.1,343,296,46,5,3,4,30,11,24,6,4,1,273,1,11
2425,Manchester City,Kyle Walker,ENG,DF,34-171,1990,5.2,430,376,54,9,1,4,8,45,0,0,0,0,379,0,4
2425,Manchester City,Manuel Akanji,SUI,DF,29-119,1995,8.7,740,729,10,6,3,3,8,3,0,0,0,0,698,1,2
2425,Manchester City,Mateo Kovačić,CRO,MF,30-193,1994,9.8,773,758,14,14,2,1,0,0,0,0,0,0,723,1,7
2425,Manchester City,Matheus Nunes,POR,"MF,FW",26-080,1998,3.3,174,163,11,1,1,1,13,4,5,4,0,0,142,0,3
2425,Manchester City,Nathan Aké,NED,DF,29-271,1995,0.8,83,80,3,1,0,0,0,2,0,0,0,0,80,0,1
2425,Manchester City,Phil Foden,ENG,MF,24-171,2000,5.1,297,268,29,8,3,0,32,1,19,15,3,0,248,0,8
2425,Manchester City,Rico Lewis,ENG,"DF,MF",19-360,2004,8.6,468,424,44,7,0,0,1,37,0,0,0,0,427,0,8
2425,Manchester City,Rodri,ESP,MF,28-146,1996,0.7,61,60,1,1,0,0,0,0,0,0,0,0,57,0,0
2425,Manchester City,Rúben Dias,POR,DF,27-185,1997,8.1,788,766,22,11,0,1,2,2,0,0,0,0,739,0,7
2425,Manchester City,Sávio,BRA,"FW,MF",20-219,2004,5.8,328,307,21,3,3,4,42,3,15,9,2,0,257,0,12
2425,Manchester City,İlkay Gündoğan,GER,MF,34-022,1990,7.0,453,408,44,8,4,1,33,1,25,15,3,0,391,1,9
2425,Manchester Utd,Alejandro Garnacho,ARG,FW,20-137,2004,7.9,247,239,7,1,1,6,18,5,1,1,0,0,190,1,13
2425,Manchester Utd,Amad Diallo,CIV,FW,22-127,2002,5.4,256,234,19,1,1,0,12,8,10,6,0,1,208,3,7
2425,Manchester Utd,André Onana,CMR,GK,28-227,1996,11.0,466,410,54,24,1,1,0,0,0,0,0,0,357,2,0
2425,Manchester Utd,Antony,BRA,FW,24-265,2000,0.3,9,9,0,0,0,0,1,0,0,0,0,0,5,0,0
2425,Manchester Utd,Bruno Fernandes,POR,"MF,FW",30-068,1994,10.3,602,556,44,11,6,4,48,5,16,6,4,1,450,2,19
2425,Manchester Utd,Casemiro,BRA,MF,32-266,1992,6.9,431,414,11,9,5,4,13,2,0,0,0,0,346,6,9
2425,Manchester Utd,Christian Eriksen,DEN,MF,32-275,1992,4.9,303,257,46,10,2,4,37,3,32,13,9,5,253,0,2
2425,Manchester Utd,Diogo Dalot,POR,DF,25-242,1999,10.6,603,513,87,10,3,3,10,77,0,0,0,0,508,3,10
2425,Manchester Utd,Harry Maguire,ENG,DF,31-255,1993,2.7,177,164,13,6,0,1,1,0,0,0,0,0,153,0,1
2425,Manchester Utd,Jonny Evans,NIR,DF,36-317,1988,2.6,144,128,16,2,0,0,0,3,0,0,0,0,127,0,1
2425,Manchester Utd,Joshua Zirkzee,NED,FW,23-177,2001,4.8,127,124,2,0,1,0,2,0,0,0,0,0,94,1,5
2425,Manchester Utd,Kobbie Mainoo,ENG,MF,19-210,2005,6.3,289,281,8,3,1,2,1,5,0,0,0,0,255,0,6
2425,Manchester Utd,Lisandro Martínez,ARG,DF,26-302,1998,9.8,681,644,36,7,2,0,3,14,0,0,0,0,606,1,3
2425,Manchester Utd,Manuel Ugarte Ribeiro,URU,MF,23-218,2001,3.1,134,133,1,1,0,0,0,0,0,0,0,0,120,0,0
2425,Manchester Utd,Marcus Rashford,ENG,FW,27-015,1997,8.4,279,275,4,1,6,4,20,2,0,0,0,0,205,0,10
2425,Manchester Utd,Mason Mount,ENG,"MF,FW",25-310,1999,1.6,44,39,5,3,0,0,4,0,2,2,0,0,32,0,0
2425,Manchester Utd,Matthijs de Ligt,NED,DF,25-095,1999,8.5,464,451,12,7,0,0,2,0,0,0,0,0,424,1,4
2425,Manchester Utd,Noussair Mazraoui,MAR,DF,27-001,1997,9.1,507,423,84,10,3,0,7,74,0,0,0,0,431,0,12
2425,Manchester Utd,Rasmus Højlund,DEN,FW,21-285,2003,4.6,74,67,6,0,0,0,2,0,0,0,0,0,60,1,1
2425,Manchester Utd,Scott McTominay,SCO,MF,27-343,1996,0.2,10,8,2,0,0,0,0,1,0,0,0,0,10,0,0
2425,Manchester Utd,Toby Collyer,ENG,MF,20-317,2004,0.5,19,19,0,0,0,0,0,0,0,0,0,0,15,0,2
2425,Manchester Utd,Victor Lindelöf,SWE,"DF,MF",30-121,1994,0.7,36,34,2,1,0,0,1,1,0,0,0,0,33,0,0
2425,Newcastle Utd,Alexander Isak,SWE,FW,25-055,1999,8.5,161,140,20,0,1,0,4,3,0,0,0,0,119,1,7
2425,Newcastle Utd,Anthony Gordon,ENG,FW,23-265,2001,9.4,320,276,43,7,2,0,49,12,21,14,4,0,230,1,13
2425,Newcastle Utd,Bruno Guimarães,BRA,MF,26-365,1997,10.9,549,505,42,41,8,3,5,1,0,0,0,0,450,2,11
2425,Newcastle Utd,Dan Burn,ENG,DF,32-190,1992,11.0,601,591,10,6,0,2,1,2,0,0,0,0,539,0,2
2425,Newcastle Utd,Emil Krafth,SWE,DF,30-105,1994,2.7,74,71,3,3,0,0,0,0,0,0,0,0,59,0,1
2425,Newcastle Utd,Fabian Schär,SUI,DF,32-331,1991,8.3,512,485,23,21,3,11,1,2,0,0,0,0,423,4,2
2425,Newcastle Utd,Harvey Barnes,ENG,FW,26-342,1997,5.5,163,160,2,0,1,0,11,2,0,0,0,0,130,1,5
2425,Newcastle Utd,Jacob Murphy,ENG,FW,29-265,1995,5.5,211,197,13,3,2,2,14,5,5,1,0,0,152,1,9
2425,Newcastle Utd,Joe Willock,ENG,"MF,FW",25-087,1999,3.7,122,119,1,0,0,2,7,1,0,0,0,0,98,2,1
2425,Newcastle Utd,Joelinton,BRA,"MF,FW",28-093,1996,10.3,418,403,13,4,2,1,9,9,0,0,0,0,346,2,7
2425,Newcastle Utd,Kieran Trippier,ENG,DF,34-057,1990,3.1,246,191,55,12,0,0,21,29,14,11,2,0,198,0,4
2425,Newcastle Utd,Lewis Hall,ENG,DF,20-068,2004,8.7,620,516,103,25,1,1,38,58,20,18,0,0,501,1,11
2425,Newcastle Utd,Lloyd Kelly,ENG,DF,26-040,1998,2.3,98,79,19,6,0,0,1,13,0,0,0,0,78,0,4
2425,Newcastle Utd,Miguel Almirón,PAR,FW,30-279,1994,1.2,39,37,1,0,1,0,0,1,0,0,0,0,30,1,1
2425,Newcastle Utd,Nick Pope,ENG,GK,32-210,1992,11.0,327,206,121,35,0,0,0,0,0,0,0,0,222,0,0
2425,Newcastle Utd,Sandro Tonali,ITA,MF,24-191,2000,4.6,161,155,5,2,0,0,12,1,2,1,1,0,122,1,4
2425,Newcastle Utd,Sean Longstaff,ENG,MF,27-016,1997,5.7,208,205,3,1,1,2,3,0,1,0,0,1,175,0,8
2425,Newcastle Utd,Valentino Livramento,ENG,DF,22-003,2002,7.9,365,304,59,2,0,0,12,57,0,0,0,0,290,2,11
2425,Newcastle Utd,William Osula,DEN,"FW,MF",21-103,2003,0.1,2,1,1,0,0,0,0,0,0,0,0,0,1,0,0
2425,Nott'ham Forest,Anthony Elanga,SWE,FW,22-202,2002,7.2,215,176,38,8,0,0,58,0,30,15,15,0,133,1,6
2425,Nott'ham Forest,Callum Hudson-Odoi,ENG,FW,24-008,2000,8.7,307,297,9,1,1,2,26,0,3,3,0,0,253,1,10
2425,Nott'ham Forest,Chris Wood,NZL,FW,32-344,1991,9.9,156,156,0,0,0,1,1,0,0,0,0,0,103,0,4
2425,Nott'ham Forest,Danilo,BRA,MF,23-200,2001,0.2,3,3,0,0,0,0,0,0,0,0,0,0,3,0,0
2425,Nott'ham Forest,Elliot Anderson,ENG,"MF,FW",22-009,2002,7.0,316,283,32,12,2,1,22,1,13,6,5,0,251,1,9
2425,Nott'ham Forest,Eric da Silva Moreira,GER,DF,18-196,2006,0.0,0,0,0,0,0,0,0,0,0,0,0,0,0,0,0
2425,Nott'ham Forest,Harry Toffolo,ENG,DF,29-088,1995,0.4,30,19,11,0,0,0,3,10,1,1,0,0,22,0,2
2425,Nott'ham Forest,Ibrahim Sangaré,CIV,MF,26-349,1997,2.4,113,107,6,6,0,0,0,0,0,0,0,0,86,0,5
2425,Nott'ham Forest,James Ward-Prowse,ENG,MF,30-014,1994,3.2,145,126,18,10,0,1,14,0,7,2,5,0,114,1,1
2425,Nott'ham Forest,Jota Silva,POR,"FW,MF",25-106,1999,2.4,53,52,0,0,1,0,8,0,0,0,0,0,30,1,4
2425,Nott'ham Forest,Matz Sels,BEL,GK,32-263,1992,11.0,306,208,94,27,0,0,0,0,0,0,0,0,160,4,0
2425,Nott'ham Forest,Morato,BRA,DF,23-138,2001,0.8,20,18,1,1,0,0,0,0,0,0,0,0,10,1,3
2425,Nott'ham Forest,Morgan Gibbs-White,ENG,MF,24-293,2000,7.0,272,269,1,1,4,4,5,0,0,0,0,0,205,2,10
2425,Nott'ham Forest,Murillo,BRA,DF,22-134,2002,11.0,450,389,58,25,3,8,1,0,0,0,0,0,357,3,2
2425,Nott'ham Forest,Neco Williams,WAL,DF,23-216,2001,4.2,149,118,30,5,0,0,9,25,0,0,0,0,105,1,11
2425,Nott'ham Forest,Nicolás Domínguez,ARG,"MF,FW",26-140,1998,5.8,286,278,5,5,1,0,1,0,0,0,0,0,241,3,3
2425,Nott'ham Forest,Nikola Milenković,SRB,DF,27-034,1997,10.0,310,295,9,9,0,0,0,0,0,0,0,0,264,6,0
2425,Nott'ham Forest,Ola Aina,NGA,DF,28-038,1996,10.6,497,396,100,6,0,1,23,94,0,0,0,0,372,1,18
2425,Nott'ham Forest,Ramón Sosa,PAR,"MF,FW",25-076,1999,1.1,49,42,6,2,0,0,5,1,3,2,1,0,33,1,2
2425,Nott'ham Forest,Ryan Yates,ENG,MF,26-360,1997,9.0,358,329,26,16,0,0,2,0,1,0,0,0,300,3,9
2425,Nott'ham Forest,Taiwo Awoniyi,NGA,FW,27-095,1997,1.2,28,28,0,0,0,0,1,0,0,0,0,0,20,0,1
2425,Nott'ham Forest,Willy Boly,CIV,DF,33-286,1991,1.0,54,54,0,0,0,0,0,0,0,0,0,0,43,0,0
2425,Nott'ham Forest,Álex Moreno,ESP,DF,31-160,1993,6.8,281,227,52,1,1,1,10,51,0,0,0,0,199,2,8
2425,Southampton,Aaron Ramsdale,ENG,GK,26-185,1998,9.0,415,360,55,22,0,3,0,0,0,0,0,0,316,0,0
2425,Southampton,Adam Armstrong,ENG,"FW,MF",27-279,1997,5.1,131,119,10,0,0,1,9,3,0,0,0,0,107,2,8
2425,Southampton,Adam Lallana,ENG,MF,36-189,1988,3.1,204,200,3,2,1,0,1,0,0,0,0,0,180,1,3
2425,Southampton,Alex McCarthy,ENG,GK,34-348,1989,2.0,53,47,6,2,0,1,0,0,0,0,0,0,46,0,0
2425,Southampton,Ben Brereton,CHI,FW,25-211,1999,4.5,152,150,2,1,1,0,5,1,0,0,0,0,119,0,3
2425,Southampton,Cameron Archer,ENG,FW,23-117,2001,6.6,82,75,7,0,0,0,1,0,0,0,0,0,68,0,2
2425,Southampton,Carlos Alcaraz,ARG,MF,21-351,2002,0.1,13,11,2,0,0,0,1,1,1,0,0,0,13,0,0
2425,Southampton,Charlie Taylor,ENG,DF,31-058,1993,2.3,147,118,28,5,0,0,9,21,2,1,1,0,124,1,3
2425,Southampton,Flynn Downes,ENG,MF,25-300,1999,10.0,562,543,19,19,5,0,1,0,0,0,0,0,518,0,5
2425,Southampton,Jack Stephens,ENG,DF,30-293,1994,6.4,500,477,23,8,0,1,0,10,0,0,0,0,470,0,1
2425,Southampton,James Bree,ENG,DF,27-035,1997,0.2,10,9,1,1,0,0,0,0,0,0,0,0,8,0,0
2425,Southampton,Jan Bednarek,POL,DF,28-217,1996,10.9,948,882,65,21,0,4,0,0,0,0,0,0,888,1,2
2425,Southampton,Joe Aribo,NGA,MF,28-117,1996,6.7,298,292,5,0,1,0,6,3,0,0,0,0,259,1,8
2425,Southampton,Kamaldeen Sulemana,GHA,"FW,MF",22-274,2002,0.2,1,1,0,0,0,0,0,0,0,0,0,0,1,0,0
2425,Southampton,Kyle Walker-Peters,ENG,DF,27-216,1997,8.9,587,524,62,18,1,0,14,42,2,0,0,0,533,1,8
2425,Southampton,Lesley Ugochukwu,FRA,MF,20-234,2004,1.9,75,74,1,1,0,0,1,0,0,0,0,0,62,0,4
2425,Southampton,Mateus Fernandes,POR,MF,20-128,2004,7.9,347,322,25,8,5,2,19,5,7,6,0,0,281,0,9
2425,Southampton,Maxwel Cornet,CIV,FW,28-049,1996,0.8,22,20,2,0,0,0,3,0,2,2,0,0,17,0,0
2425,Southampton,Paul Onuachu,NGA,FW,30-171,1994,0.7,24,23,0,0,0,1,0,0,0,0,0,0,13,1,0
2425,Southampton,Ross Stewart,SCO,"FW,MF",28-127,1996,1.5,45,44,1,1,0,0,0,0,0,0,0,0,36,0,1
2425,Southampton,Ryan Fraser,SCO,FW,30-265,1994,1.6,37,34,3,0,0,0,6,1,2,2,0,0,27,0,0
2425,Southampton,Ryan Manning,IRL,"DF,FW",28-154,1996,3.7,127,103,23,5,0,1,18,8,10,9,0,0,100,1,3
2425,Southampton,Samuel Amo-Ameyaw,ENG,DF,18-120,2006,0.1,5,4,1,0,0,0,1,0,1,0,0,0,5,0,0
2425,Southampton,Samuel Edozie,ENG,"DF,FW",21-292,2003,0.7,33,33,0,0,0,0,4,0,0,0,0,0,25,0,2
2425,Southampton,Taylor Harwood-Bellis,ENG,DF,22-290,2002,9.6,770,740,29,25,2,3,2,2,0,0,0,0,686,1,5
2425,Southampton,Tyler Dibling,ENG,"FW,MF",18-248,2006,6.3,196,179,15,4,3,1,12,1,6,5,0,0,156,2,5
2425,Southampton,William Smallbone,IRL,MF,24-268,2000,2.7,127,99,27,3,0,0,19,3,15,8,4,0,91,1,6
2425,Southampton,Yukinari Sugawara,JPN,DF,24-140,2000,7.4,450,382,67,12,0,5,34,49,6,2,4,0,364,1,13
2425,Tottenham,Archie Gray,ENG,"MF,DF",18-248,2006,0.5,56,50,6,3,0,0,0,3,0,0,0,0,49,0,3
2425,Tottenham,Ben Davies,WAL,DF,31-205,1993,0.3,13,13,0,0,0,0,0,0,0,0,0,0,13,0,0
2425,Tottenham,Brennan Johnson,WAL,FW,23-176,2001,9.6,248,242,5,0,0,0,19,5,0,0,0,0,174,1,15
2425,Tottenham,Cristian Romero,ARG,DF,26-202,1998,10.7,876,803,71,55,4,1,3,2,0,0,0,0,790,2,5
2425,Tottenham,Dejan Kulusevski,SWE,"MF,FW",24-204,2000,9.5,337,294,43,0,4,0,46,2,38,18,0,0,240,0,21
2425,Tottenham,Destiny Udogie,ITA,DF,21-353,2002,10.2,558,477,80,14,0,0,15,66,0,0,0,0,487,1,19
2425,Tottenham,Djed Spence,ENG,DF,24-098,2000,0.7,37,36,1,0,0,0,2,1,0,0,0,0,33,0,0
2425,Tottenham,Dominic Solanke,ENG,FW,27-062,1997,8.9,151,131,19,0,2,1,4,2,0,0,0,0,107,1,5
2425,Tottenham,Guglielmo Vicario,ITA,GK,28-039,1996,11.0,402,370,32,4,0,0,0,0,0,0,0,0,370,0,1
2425,Tottenham,James Maddison,ENG,MF,27-358,1996,7.6,500,437,62,21,5,3,54,3,37,20,5,0,401,1,6
2425,Tottenham,Lucas Bergvall,SWE,"MF,FW",18-287,2006,0.6,59,52,7,1,0,0,5,2,4,2,2,0,50,0,0
2425,Tottenham,Micky van de Ven,NED,DF,23-210,2001,7.9,607,575,31,14,0,1,0,3,0,0,0,0,560,1,5
2425,Tottenham,Mikey Moore,ENG,FW,17-096,2007,0.9,22,18,4,0,0,0,4,1,3,1,0,0,15,0,0
2425,Tottenham,Pape Matar Sarr,SEN,MF,22-062,2002,4.9,328,321,7,4,0,2,3,3,0,0,0,0,284,0,6
2425,Tottenham,Pedro Porro,ESP,DF,25-063,1999,11.0,734,603,128,15,3,7,76,95,18,2,13,0,540,3,26
2425,Tottenham,Radu Drăgușin,ROU,DF,22-286,2002,3.1,199,180,19,14,0,0,0,1,0,0,0,0,174,0,1
2425,Tottenham,Richarlison,BRA,FW,27-189,1997,1.0,34,34,0,0,0,0,4,0,0,0,0,0,23,0,2
2425,Tottenham,Rodrigo Bentancur,URU,MF,27-143,1997,5.9,391,380,11,10,0,0,0,1,0,0,0,0,356,0,6
2425,Tottenham,Son Heung-min,KOR,FW,32-130,1992,7.4,320,308,12,3,0,2,18,4,2,1,0,0,264,0,11
2425,Tottenham,Timo Werner,GER,"FW,MF",28-254,1996,3.0,135,127,7,2,1,1,17,5,0,0,0,0,88,1,8
2425,Tottenham,Wilson Odobert,FRA,FW,19-353,2004,1.8,78,74,1,0,0,0,5,1,0,0,0,0,59,3,4
2425,Tottenham,Yves Bissouma,MLI,MF,28-077,1996,4.5,280,266,14,14,1,1,0,0,0,0,0,0,256,0,2
2425,West Ham,Aaron Cresswell,ENG,DF,34-336,1989,0.3,34,29,5,1,0,1,3,3,1,1,0,0,24,0,1
2425,West Ham,Aaron Wan-Bissaka,ENG,DF,26-355,1997,9.1,427,373,53,3,2,1,18,50,0,0,0,0,343,1,10
2425,West Ham,Alphonse Areola,FRA,GK,31-262,1993,7.5,289,204,82,16,0,0,0,0,0,0,0,0,211,3,1
2425,West Ham,Andy Irving,SCO,MF,24-186,2000,0.3,28,28,0,0,0,0,0,0,0,0,0,0,28,0,0
2425,West Ham,Carlos Soler,ESP,"MF,FW",27-318,1997,3.0,105,98,7,4,0,0,5,0,3,0,3,0,89,0,2
2425,West Ham,Crysencio Summerville,NED,"MF,FW",23-016,2001,3.8,107,102,5,2,2,0,10,1,2,2,0,0,75,0,8
2425,West Ham,Danny Ings,ENG,"FW,MF",32-115,1992,0.8,27,26,1,0,0,0,2,0,0,0,0,0,14,0,2
2425,West Ham,Edson Álvarez,MEX,"MF,DF",27-022,1997,4.5,231,221,7,5,1,3,0,2,0,0,0,0,197,3,1
2425,West Ham,Emerson Palmieri,ITA,DF,30-104,1994,9.5,448,351,94,13,0,0,28,72,9,2,6,0,360,3,4
2425,West Ham,Guido Rodríguez,ARG,MF,30-217,1994,8.9,393,386,7,7,1,4,3,0,0,0,0,0,325,0,12
2425,West Ham,James Ward-Prowse,ENG,MF,30-014,1994,0.2,15,12,3,1,0,0,3,0,2,2,0,0,11,0,0
2425,West Ham,Jarrod Bowen,ENG,"MF,FW",27-331,1996,10.7,275,230,44,1,3,1,51,1,33,17,15,0,183,1,15
2425,West Ham,Jean-Clair Todibo,FRA,DF,24-321,1999,5.6,283,276,5,4,0,1,1,1,0,0,0,0,253,2,0
2425,West Ham,Konstantinos Mavropanos,GRE,DF,26-340,1997,7.2,370,348,21,10,0,10,2,11,0,0,0,0,308,1,6
2425,West Ham,Lucas Paquetá,BRA,MF,27-080,1997,9.0,476,445,30,10,4,6,13,3,2,1,1,0,365,1,9
2425,West Ham,Luis Guilherme,BRA,MF,18-280,2006,0.1,4,3,1,0,0,0,1,0,1,0,1,0,2,0,0
2425,West Ham,Max Kilman,ENG,DF,27-176,1997,11.0,557,545,11,10,0,7,0,0,0,0,0,0,481,1,3
2425,West Ham,Michail Antonio,JAM,FW,34-232,1990,7.4,146,135,9,0,2,5,17,5,0,0,0,0,91,2,11
2425,West Ham,Mohammed Kudus,GHA,"MF,FW",24-105,2000,7.4,204,201,3,1,1,4,23,1,1,0,0,0,167,0,8
2425,West Ham,Niclas Füllkrug,GER,FW,31-280,1993,0.7,14,13,1,0,0,0,0,0,0,0,0,0,13,0,0
2425,West Ham,Tomáš Souček,CZE,MF,29-262,1995,7.3,260,256,4,3,0,2,3,1,0,0,0,0,209,0,7
2425,West Ham,Vladimír Coufal,CZE,DF,32-085,1992,2.5,114,83,31,3,0,0,6,28,0,0,0,0,82,0,4
2425,West Ham,Łukasz Fabiański,POL,GK,39-211,1985,3.5,100,66,34,6,0,0,0,0,0,0,0,0,67,0,0
2425,Wolves,André,BRA,MF,23-122,2001,4.0,164,160,3,3,1,3,0,0,0,0,0,0,155,1,2
2425,Wolves,Carlos Forbs,POR,"MF,FW",20-241,2004,2.0,63,63,0,0,0,0,7,0,0,0,0,0,40,0,7
2425,Wolves,Chiquinho,POR,MF,24-284,2000,0.1,3,3,0,0,0,0,1,0,0,0,0,0,3,0,0
2425,Wolves,Craig Dawson,ENG,DF,34-193,1990,8.3,415,387,27,18,1,7,0,0,0,0,0,0,361,1,0
2425,Wolves,Daniel Podence,POR,"MF,FW",29-025,1995,0.5,16,15,1,1,0,0,1,0,0,0,0,0,11,0,2
2425,Wolves,Gonçalo Guedes,POR,"FW,MF",27-352,1996,1.4,42,37,4,0,0,2,2,1,0,0,0,0,28,1,3
2425,Wolves,Hwang Hee-chan,KOR,"FW,MF",28-294,1996,2.8,64,58,6,0,0,0,4,5,0,0,0,0,52,0,4
2425,Wolves,Jean-Ricner Bellegarde,FRA,"MF,FW",26-141,1998,5.3,128,125,3,1,1,1,11,0,0,0,0,0,102,0,7
2425,Wolves,José Sá,POR,GK,31-303,1993,6.0,206,148,58,19,0,0,0,0,0,0,0,0,116,0,1
2425,Wolves,João Gomes,BRA,MF,23-277,2001,10.3,412,395,16,7,1,2,8,3,0,0,0,0,339,1,8
2425,Wolves,Jørgen Strand Larsen,NOR,FW,24-283,2000,9.9,139,133,6,0,0,0,2,0,0,0,0,0,81,0,4
2425,Wolves,Mario Lemina,GAB,MF,31-075,1993,9.8,330,315,11,2,3,2,8,3,0,0,0,0,267,4,3
2425,Wolves,Matheus Cunha,BRA,"MF,FW",25-172,1999,9.8,313,255,55,12,7,4,45,6,24,9,10,2,224,3,13
2425,Wolves,Matt Doherty,IRL,DF,32-304,1992,2.3,105,80,25,4,0,1,2,21,0,0,0,0,74,0,2
2425,Wolves,Nélson Semedo,POR,DF,30-365,1993,8.7,360,311,49,1,0,0,8,48,0,0,0,0,298,0,4
2425,Wolves,Pablo Sarabia,ESP,"MF,FW",32-188,1992,2.0,94,76,15,4,0,0,10,3,6,6,0,0,60,3,5
2425,Wolves,Rayan Aït-Nouri,ALG,DF,23-162,2001,10.2,459,379,76,19,0,4,18,55,2,0,1,0,378,4,11
2425,Wolves,Rodrigo Gomes,POR,"FW,MF",21-131,2003,1.3,32,29,3,0,1,0,5,2,1,0,1,0,17,0,0
2425,Wolves,Sam Johnstone,ENG,GK,31-235,1993,5.0,206,170,35,16,0,0,0,0,0,0,0,0,136,1,2
2425,Wolves,Santiago Bueno,URU,DF,26-006,1998,4.9,208,201,6,2,0,2,0,1,0,0,0,0,177,1,6
2425,Wolves,Tommy Doyle,ENG,MF,23-029,2001,3.0,187,172,13,10,0,4,4,1,2,1,1,0,157,2,3
2425,Wolves,Toti Gomes,POR,DF,25-304,1999,8.2,404,364,39,7,0,1,1,24,0,0,0,0,332,1,7
2425,Wolves,Yerson Mosquera,COL,DF,23-197,2001,4.9,240,230,9,4,0,1,2,0,0,0,0,0,205,1,3
